Latitude,Longitude
-35.9203064,144.1408819
-36.4368624,144.9769783
-36.236312,145.3638637
-37.0848076,141.9723575
-36.2471853,144.99032
-35.288224,144.1186835
-37.113777,141.04401
-35.8836212,144.1779461
-36.2914319,144.7452794
-37.0337916,141.2870027
-34.5578898,145.0043377
-36.3146888,144.9840752
-36.4083462,144.9476629
-35.9196794,144.1171779
-36.3690739,145.2637145
-35.999932,144.0987376
-36.3496686,144.6779044
-34.5484616,145.9445818
-36.4871596,144.2660306
-35.9920629,145.4770853
-36.4865521,144.2995207
-38.0136602,146.8081965
-34.5765,144.7071193
-38.1684665,147.1584296
-34.0253869,148.4670351
-34.1153472,145.4057638
-36.1908353,143.7212381
-36.4185018,144.9441322
-35.5099691,143.6159187
-37.9181175,143.4901775
-38.014873,140.960367
-35.5967616,145.5330541
-36.1801051,145.0800411
-36.0410499,145.6537193
-36.4199295,144.9194864
-36.4235651,145.4825491
-36.402254,145.447296
-37.016758,140.95301
-36.4473556,143.1166142
-36.4083462,144.9476629
-36.1465679,145.5983514
-36.4400502,145.2089219
-34.8144134,146.7687879
-36.2644761,144.6107069
-36.3656467,145.3125454
-35.9952078,145.5606155
-35.2061102,147.501122
-36.1402922,144.8505558
-38.0850842,146.810255
-36.2839196,145.0172654
-38.0777971,146.7853436
-36.5207373,142.6228247
-34.2687899,142.117761
-36.5599463,145.2542594
-36.3911409,145.4727813
-36.4010169,144.9433644
-38.0741177,146.8848805
-35.4693774,143.714907
-35.9479113,145.6826593
-36.1565916,145.6307476
-36.4685061,145.3029543
-35.606107,143.814793
-36.3904975,144.3032932
-35.5694443,144.1229812
-36.2269999,147.1682844
-38.5863427,143.1268051
-37.7107594,142.5858047
-35.9314636,145.5070745
-35.9198648,144.1059851
-34.5215392,143.7923939
-36.4475266,144.9539279
-37.7284311,147.2747725
-36.2347909,144.084979
-34.4251498,143.7929482
-34.0026527,147.9180222
-36.5587081,145.2558528
-36.2271593,145.065963
-35.795615,144.0869522
-36.3753758,145.4285274
-35.9383133,145.5070086
-35.5001718,143.6333957
-36.2550241,144.9756305
-36.6710581,143.5123844
-36.2249513,145.1221337
-36.4123771,144.9531684
-36.9679054,141.0052558
-36.3583378,145.2393423
-35.2615222,144.9167749
-34.9317653,144.765799
-34.3327458,142.387446
-37.141568,141.077986
-37.554876,141.0060221
-36.9226654,141.0958122
-36.319961,141.9675943
-35.8399546,143.9986559
-34.5074128,145.1648676
-38.044234,140.91873
-37.7107594,142.5858047
-36.4264704,145.296153
-36.3977873,145.2834562
-34.1567098,142.1430857
-37.844515,140.9058899
-36.587589,140.928443
-37.706401,140.932632
-36.4212057,144.9445763
-36.419313,144.9443546
-35.003549,140.959284
-34.058259,141.323467
-36.3630474,141.1364716
-37.6999257,142.5822482
-36.4769601,145.1396754
-34.4268189,145.179689
-34.958917,140.95496
-36.2475424,144.9701141
-37.203489,140.965596
-36.754739,140.924189
-36.3482367,145.1364561
-37.124581,144.0112364
-37.0944575,141.9477742
-34.3272277,142.3605692
-34.2843888,142.2168805
-34.5118957,143.6775101
-34.529869,144.1621111
-36.251204,145.049126
-36.7685942,144.2733486
-37.0389712,141.3404096
-34.1959795,142.2211815
-36.3773483,145.2827568
-35.7693225,144.2414156
-36.2237893,144.887434
-36.1428159,146.754231
-35.4916936,143.617566
-36.4937632,145.2101841
-36.555602,145.2895572
-36.2236852,144.8073477
-36.3380233,144.6710465
-36.3655954,145.4411768
-35.0332498,143.0426499
-37.0043976,142.2984489
-34.7762835,142.6657827
-36.3812675,144.6651773
-36.2241061,145.0418231
-36.1687664,145.049018
-37.4076247,141.9666041
-36.3125587,145.2368615
-35.8832602,143.8109293
-37.5275088,142.9327049
-36.1709337,145.5831228
-36.4008625,145.3180064
-36.94143,142.0289263
-35.9743039,145.4781954
-36.2257757,146.4596462
-35.6142303,143.7503687
-34.1560491,142.1454938
-34.2239923,142.2340442
-36.3760413,145.1641676
-34.7172546,142.8316681
-34.8036261,142.9023692
-34.7701457,142.3760112
-36.4392263,144.9354168
-35.446332,143.7336791
-36.3459867,144.650959
-36.3901519,145.4298359
-37.7676728,145.4418691
-36.2565155,144.7284804
-36.3712268,144.1371205
-36.2596292,144.5649937
-36.4702473,145.0034592
-36.2513165,144.5840681
-36.276293,144.9725072
-36.309147,144.6584753
-37.2360375,143.8610242
-36.7720666,145.2129644
-36.2593545,144.58881
-36.3053494,145.2777046
-36.3058066,145.2749225
-36.4475827,145.4486751
-35.979361,145.2396115
-38.6090786,146.7933344
-36.5418728,144.0631145
-35.815741,143.8826726
-36.2337024,144.8867521
-36.3981944,145.4239721
-36.3929019,144.936236
-36.4672731,144.9940861
-36.3834324,144.6658367
-36.2650373,145.2019927
-36.3109557,145.1742738
-36.2548072,145.0959199
-36.3598264,144.6683905
-36.5486518,145.2550151
-36.500802,145.2050683
-36.4245198,145.1707393
-36.3066876,145.2431905
-36.2739638,144.4775384
-36.236176,145.058072
-36.2114525,144.898907
-36.2122164,145.0123448
-36.3890811,144.3231483
-36.4305769,145.0594456
-36.2093362,144.6159897
-36.4234176,145.4515453
-36.2648857,144.5259007
-36.395493,145.4797198
-36.2665952,145.2364977
-36.2062701,146.3094909
-36.458422,144.9332808
-36.3322327,144.6329764
-35.9684156,145.0596449
-36.342504,145.2249221
-38.0140445,143.3502197
-37.5609263,144.9165764
-37.590866,142.8556538
-36.4258628,145.2469687
-37.0560671,142.6321261
-36.4226585,144.9768041
-37.3437486,143.9469014
-36.317921,145.3893292
-36.5407039,144.0634638
-36.5760889,144.5569209
-38.2837968,144.1793644
-36.993838,141.2927917
-36.4659361,146.6200623
-35.8170819,143.6323799
-36.2131585,146.4254511
-36.5984404,146.2303089
-35.3000573,141.3942951
-38.5863427,143.1268051
-37.1471717,142.8320957
-36.3231618,143.9932101
-34.72081,143.1493546
-36.56106,145.6252994
-38.1992597,143.9722418
-36.1431575,145.4881304
-34.9517908,143.3043472
-36.4385824,145.3036172
-38.5163989,143.5389823
-36.4209109,145.0940081
-35.9636794,145.4529648
-35.28139,143.5612847
-35.9861951,145.5606611
-38.1644966,142.5534918
-36.3659383,145.4690382
-37.9405602,143.3468215
-36.6347914,144.80494
-36.2088384,144.9369664
-35.446332,143.7336791
-38.150345,142.6856428
-38.3205356,145.3395895
-36.4098618,145.0161675
-36.4394144,144.951925
-36.3993658,147.2262225
-34.1668361,141.1801619
-36.3832251,145.1820168
-36.2578389,145.1950745
-36.0265357,145.1639804
-36.3461715,145.2389703
-36.0320813,145.4763336
-36.9236895,143.3573914
-36.7531215,145.6808187
-36.454778,145.2781326
-36.0471993,144.0141728
-36.2661978,145.2083395
-36.2911516,144.5133815
-36.0235825,145.2076859
-36.2615038,144.9472506
-36.2607503,144.6291212
-36.0717996,145.3855472
-36.4024654,144.9589719
-36.3958812,144.6391388
-36.3568743,144.4760845
-36.0140588,145.2394972
-36.403498,145.4966943
-36.0034294,145.2369132
-36.2089172,144.6257783
-36.5432711,145.2422641
-36.4574803,145.1876595
-36.3333061,145.1748813
-36.127607,145.5962381
-36.0521656,146.1155281
-36.4389222,145.5368557
-36.3873244,145.4624804
-36.1944866,145.4538749
-36.2214051,144.9668541
-35.9701704,145.4969066
-36.4167506,145.1107296
-35.5938738,142.8442957
-36.0322829,144.0413266
-36.3555002,145.2599465
-35.9748392,145.4795292
-36.1991601,145.4572383
-35.9169675,145.027476
-36.3680444,144.997214
-36.4826718,145.0552448
-37.2696764,143.1100276
-38.2729212,144.158046
-36.2440676,145.5560827
-35.9778904,145.2073415
-36.5147809,144.8003654
-34.6015739,142.7898511
-36.3602126,145.1380596
-35.7945989,144.1808808
-36.3072704,145.0827343
-36.2697997,144.4734486
-36.2252037,143.7919749
-34.157513,142.1572541
-34.1570075,141.3343642
-36.2427236,145.5544041
-35.9935859,145.4793127
-36.1386196,144.8152265
-35.0851216,142.2965821
-36.6816867,143.5553749
-36.0536972,145.5418387
-36.2959482,144.7499406
-36.3176555,144.955342
-36.3474277,145.4309344
-38.342337,142.4258382
-36.2891111,145.1311414
-36.254118,145.3873491
-36.3468753,144.7526719
-36.3166518,145.161591
-36.3920864,144.9285449
-36.2679067,145.1518062
-36.4224712,145.2113276
-38.3850412,143.4718424
-36.3609658,145.4403814
-38.4441293,143.7368291
-36.4025348,145.3024716
-36.442568,145.3097792
-36.2494985,141.9755427
-37.0140229,142.9969489
-36.6204298,144.4304564
-37.0871032,143.91574
-36.0437572,146.4772875
-37.0002616,142.2902434
-36.3671478,145.141861
-37.0182165,142.9795159
-36.4822141,145.0687487
-36.443619,145.2284527
-36.1270138,143.75407
-36.2753046,145.2060267
-36.1843039,145.6123521
-36.6618486,144.8489802
-36.1786196,145.0424988
-36.3015314,144.9965595
-36.2968386,144.8062742
-36.8131134,141.3456098
-38.2165582,145.3779414
-36.3510812,145.0678518
-38.368898,144.7716305
-36.3245121,144.9816229
-36.4244622,144.9840525
-36.5091228,145.237579
-36.4761054,145.005803
-35.993559,145.3307049
-36.3073209,144.6504661
-36.2073104,144.9032495
-36.3677876,145.1342843
-36.0475832,145.429596
-36.4152703,144.9945361
-36.979932,143.2927378
-36.6522684,145.9499119
-36.3884355,144.6825354
-37.5394019,142.5684651
-36.2821073,144.5507297
-36.3058824,144.7597071
-36.3811796,144.6659579
-36.3800333,145.2513357
-36.2718702,145.2114712
-36.2815672,144.8207835
-36.2496912,144.4916117
-36.2021181,144.9663064
-36.2347093,144.4665682
-36.524408,145.293683
-38.1587389,147.1782359
-36.1919175,144.5578148
-36.0231851,145.2275436
-36.0336174,145.4032212
-36.3586332,144.6608187
-36.1506457,144.923601
-36.3967879,145.4624258
-36.2674631,145.0139118
-36.3150171,145.0884221
-36.441576,144.3462231
-34.1628505,142.140046
-36.318509,145.2771952
-36.3627763,145.4478467
-36.4534834,144.9890668
-36.3189219,145.3864498
-35.7667969,144.00148
-35.9831286,145.4800241
-36.6856667,145.4567825
-36.0250739,145.3978512
-35.2380593,143.470915
-36.4331315,146.3421314
-36.3558635,145.1495172
-36.3798264,144.665518
-37.2301756,143.5812823
-36.1729654,145.591364
-36.2422238,144.9659551
-37.1035665,141.9478598
-36.3251021,145.3844537
-38.4730847,143.681455
-36.3870815,145.1280758
-36.9401624,145.1432615
-37.8371345,145.391947
-35.1804303,141.0690774
-36.7163857,141.4417496
-36.3352036,145.2250122
-37.8102569,145.4264458
-36.3852661,146.8765151
-36.533904,145.2393308
-36.1272537,145.6123441
-36.2293655,144.5016461
-36.3210711,144.4139588
-36.3218878,144.4150663
-35.9840057,145.361269
-36.0479676,145.2283934
-36.1849042,144.6729221
-36.4962049,145.2519388
-36.1763466,145.0117833
-36.4232865,144.1359901
-36.6169063,146.2391585
-36.2133988,146.5979848
-36.4132059,143.3566026
-38.5863427,143.1268051
-36.4081476,144.9736866
-36.9941763,143.6076684
-34.4584988,141.8974757
-36.3581709,145.37283
-36.2601597,145.0308256
-36.3286163,144.6591687
-36.2474759,144.5221134
-36.381222,144.6495732
-35.702501,144.0183279
-36.6645822,145.9870507
-36.3867055,145.503497
-36.03055,145.34795
-36.1424264,145.5885744
-36.0203,145.3970501
-36.2440313,145.0008901
-36.4268788,145.0649074
-36.2499621,145.0640909
-36.4262154,145.182007
-36.7367593,145.5633537
-36.3175695,144.9679264
-36.1325655,145.5959431
-36.2806106,145.0525398
-36.3877435,145.2269493
-36.4613115,145.2586306
-36.2858479,144.9798509
-36.4250918,144.9762458
-36.0360191,145.4123326
-36.3872426,144.7091812
-36.170761,145.6082652
-36.028568,144.0389316
-36.368892,144.6877423
-36.2689351,143.8113245
-35.5281761,143.7102978
-35.5452263,143.6251058
-36.8531019,143.0615327
-36.4960703,144.324327
-36.370425,145.111443
-36.3713471,145.2667981
-36.3772444,145.2884405
-36.4544702,144.9651918
-35.7736821,143.8578418
-34.1794619,142.1090911
-34.1747305,142.1616218
-36.5005242,142.9430266
-35.6804762,143.7507389
-35.8399077,145.0458217
-36.3340553,144.6701724
-36.1383265,141.9286624
-37.9684695,143.3126315
-37.1987508,142.340994
-36.3702947,144.6137381
-38.417463,144.8365116
-36.1532114,145.6121054
-36.2652807,145.0690004
-36.2779155,144.9732858
-36.290929,144.4429112
-36.2599814,144.5876938
-36.425274,145.0108177
-36.348379,145.5087056
-36.2043457,145.0845144
-37.5637653,142.664724
-36.4419431,144.9668706
-36.2908065,144.9992207
-36.4121958,145.4634105
-36.3398274,145.0423315
-34.4448757,142.3503986
-36.350923,144.8563863
-36.2451081,144.613475
-36.3017944,144.6409155
-36.2092417,144.6146556
-38.0555518,147.1181523
-36.2835775,144.9332095
-36.2370902,144.6145165
-36.1979058,145.4314336
-36.4890131,145.1290269
-36.3278951,145.2293347
-36.4696647,145.0994239
-36.2997811,145.25722
-35.9826844,145.1333942
-36.3214666,144.7559832
-36.2033682,144.8711616
-36.5299224,142.4959718
-36.8469319,143.5017309
-36.6363793,145.8491984
-36.3763172,146.4221524
-35.9978036,145.9314055
-36.2131214,146.4233037
-36.147406,147.9547853
-36.6230986,144.4458107
-36.0372709,146.4568549
-38.5863427,143.1268051
-35.8674948,144.1917362
-35.5063347,143.6134483
-35.6719236,143.8850726
-35.808999,144.1780733
-35.5000162,143.6354924
-34.1591763,142.1589284
-34.4553274,142.3077317
-36.418208,145.4921057
-36.451849,145.3894606
-38.4136215,144.0560824
-36.2163877,144.5462186
-37.4026638,141.6114615
-37.7081809,142.5956324
-36.3088812,145.0976575
-36.3698448,144.977823
-36.441552,145.0911332
-36.2153653,144.9621855
-36.3105247,145.1604646
-36.2342869,145.0505058
-36.2922933,144.6287134
-35.9589821,145.4999386
-36.2747549,144.9533633
-36.4467308,145.2024699
-36.0276158,145.3644684
-38.3462341,142.7863408
-38.346144,142.7863434
-36.2552093,145.1435467
-36.6060883,145.3184766
-36.5837407,145.2408272
-36.3484418,144.9938055
-36.7314874,146.9880266
-36.7154343,145.3097515
-35.8535788,145.092213
-37.7242869,144.6537865
-38.5838732,143.3969703
-35.9065032,143.5759277
-36.3697623,145.0289081
-36.2336378,144.9173447
-36.2237021,144.8179147
-36.2935946,144.9630378
-36.4301375,145.0297784
-36.4678481,145.3133291
-36.0419988,145.6285366
-36.5000624,145.1587393
-36.4633827,145.0595825
-37.0862543,144.6724878
-36.7412159,141.9215505
-36.6645824,143.7008529
-37.0111443,142.3240449
-37.068082,144.7018399
-36.4339663,145.2331085
-36.2673728,145.0155812
-36.4017856,144.6250634
-36.5561929,145.268334
-36.1823666,144.9332971
-36.2694375,145.0074013
-36.3419577,144.772183
-36.1508385,145.6177542
-37.9815422,146.7745243
-36.4252912,145.2846058
-36.8776575,142.137803
-36.2321216,145.0311481
-36.1687338,146.7211688
-36.4835579,145.2216517
-37.4032362,141.6125662
-36.4237947,144.0509463
-37.0600317,145.2882105
-36.3780309,145.4650995
-36.5606264,145.9804635
-35.4368365,142.8239708
-34.1740703,142.0954128
-38.0455186,147.3388252
-37.4042364,141.6128607
-35.5568551,143.5951221
-36.1292478,145.6439116
-37.91282,143.3609645
-36.0119523,141.9789635
-36.697663,142.7636583
-36.4152703,144.9945361
-36.3542382,145.0630635
-36.2565122,144.7270338
-36.2775051,145.1115313
-36.2743641,145.397023
-36.2592423,145.0688838
-36.0587111,145.3334256
-36.2781554,145.1705264
-36.3082479,144.629416
-36.239828,144.5722258
-35.9964273,145.1690182
-36.2069493,144.9025827
-36.2764884,145.2465458
-36.2667407,145.2531922
-36.0493387,145.2622465
-36.2738166,144.4084189
-36.2068237,144.4785491
-38.6154501,145.7725526
-36.2236394,144.4314952
-36.2122018,144.9401666
-37.5323981,142.5875921
-36.2921028,145.1143357
-36.3327389,145.3169009
-35.9988219,145.4545015
-35.277681,143.5601442
-36.4035111,145.1770477
-36.4423043,144.9693245
-36.391936,145.2484762
-36.362708,144.4705845
-36.4648982,145.3952173
-36.0278698,146.05282
-36.4898923,145.2076063
-36.3396244,144.663576
-36.4545582,144.9586094
-36.2525547,145.0951381
-36.1464276,145.5629358
-36.3503414,144.9050753
-36.0537823,145.3234154
-36.4254239,145.0852033
-36.1332022,145.5767272
-36.3702838,144.9430527
-36.2915952,145.0726979
-36.3581675,145.111871
-36.2747899,144.6227872
-36.6833762,146.1040091
-36.0286818,144.041815
-36.272877,144.1033378
-36.4047964,144.9323239
-35.9782441,145.4620313
-38.0260667,146.8806019
-36.8061929,141.3434728
-36.6083381,145.3197156
-36.3040315,145.4709218
-36.4727695,145.018301
-36.1303256,145.4516092
-36.7652188,142.3424893
-35.9147338,144.2068647
-37.2486163,144.9243589
-35.9009213,143.8865284
-36.3840974,146.498345
-38.1839712,145.8883012
-37.5881269,142.595026
-36.0346332,146.4346774
-36.5453467,146.4838515
-36.0440394,146.4813549
-38.5863427,143.1268051
-36.3797732,145.433679
-37.539388,144.6244167
-36.4387835,145.2569932
-36.0245161,145.1884949
-36.1396877,145.6129983
-36.2726432,144.4080939
-36.0889721,143.6793934
-34.1777404,142.105143
-35.9778109,145.5222361
-38.6719451,145.7923226
-37.4076275,141.966717
-37.2122424,140.9754004
-35.6866448,143.8788959
-34.7051987,141.0604241
-38.1240689,145.2659438
-36.3381688,145.2296995
-38.1139116,147.2200506
-35.1845831,142.1734601
-36.0174512,145.6671651
-36.3550737,145.2488029
-36.4497739,144.9408743
-36.3178377,144.4162108
-35.992846,145.5052588
-36.5093661,145.2506422
-36.4460483,145.2727465
-36.9796083,143.2909138
-35.8066739,143.8620913
-35.8046579,143.8791702
-38.3886664,144.857861
-36.3825328,144.6999477
-36.4062538,145.4381765
-35.9850048,145.6007946
-36.4900807,145.2029189
-36.3389214,144.6699287
-36.361191,144.9698026
-36.4076672,145.4911463
-36.3569042,145.4273104
-36.1928196,144.558032
-36.4401104,145.0905737
-36.3926092,145.1747931
-36.2148167,145.0571662
-35.9815181,145.5394482
-35.9677262,145.3504392
-36.4718048,145.240365
-36.2958731,144.8056086
-36.2517442,145.2264377
-36.712196,145.1747383
-35.9595706,145.3928587
-36.4959163,145.2156596
-35.8807651,144.405883
-36.1990558,145.0260198
-36.252214,144.6373631
-36.1589449,145.0436771
-36.1691771,145.6095643
-36.3807283,144.665737
-36.1678975,145.6300064
-36.2363235,145.3745438
-37.3169758,143.6195863
-36.2423992,144.9858257
