LGA,Rainfall_Deficit_mm
UNDERBOOL,191.6
NURRAN,156.2
WOORNDOO,114.7
DEPTFORD,146.2
YANAC,151.2
MINIMAY,123.2
GLEN FORBES,147.1
ADAMS ESTATE,140.2
DIMBOOLA,142.3
CANNUM,142.4
WALLUP,142.8
MURRA WARRA,142.2
KALKEE,132.3
WAIL,139.7
PIMPINIO,133.7
DOOEN,127.3
VECTIS,130.9
QUANTONG,118.9
CARWARP,210.7
OMEO,162.1
YAPEEN,144.1
LOGAN,147.0
TOM GROGGIN,154.8
TAMBOON,152.8
WONGUNGARRA,159.8
WILSONS PROMONTORY,142.6
GUILDFORD,146.4
WILLAURA,122.5
COBBERAS,148.4
MACLEOD,139.0
BUNDOORA,129.6
HEIDELBERG WEST,130.0
MONEGEETTA,146.9
PERONNE,122.0
TUTYE,194.5
MOORALLA,101.0
DUNKELD,110.7
SUGGAN BUGGAN,156.0
BAW BAW,157.2
CABBAGE TREE CREEK,157.7
WAHRING,182.8
NAMBROK,152.2
KILMANY,151.1
DEEPDENE,134.3
MURRAYVILLE,191.2
EDENHOPE,120.2
WARRACKNABEAL,149.0
DARTMOOR,112.4
DANDONGADALE,166.4
GELANTIPY,151.0
MANSFIELD,159.9
LINGA,192.4
BOINKA,189.2
TENBY POINT,139.2
CORONET BAY,145.4
CORINELLA,138.9
CROYDON SOUTH,138.2
BANKSIA PENINSULA,156.4
GEORGES CREEK,161.3
COBURG NORTH,136.6
PASCOE VALE,137.4
KULWIN,196.6
WALPEUP,198.0
WYCHEPROOF,150.0
MARENGO,128.7
CAPE OTWAY,130.9
MOUNT BULLER,161.9
CHETWYND,114.2
WATTLE HILL,131.9
GELLIBRAND LOWER,122.9
PRINCETOWN,122.5
PETERBOROUGH,131.3
RUNNYMEDE,163.6
SCOTSBURN,144.7
REEDY CREEK,155.1
STRATH CREEK,154.5
JUNGABURRA,166.8
TERRICK TERRICK,168.3
BARJARG,161.3
MAINDAMPLE,160.4
KEYSBOROUGH,135.1
FUMINA,141.1
SURREY HILLS,127.7
LAHARUM,119.4
WATCHUPGA,175.5
NAREEN,106.1
HOTSPUR,99.8
PIONEER BAY,137.0
LANG LANG,150.0
ANDERSON,145.7
BASS,141.5
BANGHOLME,132.6
TANJIL BREN,150.3
DUVERNEY,134.8
LASCELLES,185.9
GRAMPIANS,114.4
MARYSVILLE,155.0
BENALLA,173.9
LONGFORD,150.8
HEXHAM,119.0
PENSHURST,101.7
GLENTHOMPSON,114.6
BURNLEY,130.9
WINDSOR,136.7
ESSENDON WEST,136.6
TETOORA ROAD,145.8
GLENDONALD,133.2
BALMATTUM,172.7
WOOMELANG,168.5
OUYEN,199.4
PATCHEWOLLOCK,188.6
KANIVA,144.5
KOOREH,153.6
NHILL,133.6
DARTMOUTH,148.2
TELOPEA DOWNS,155.5
DIGGORA,164.2
GLENISLA,109.8
LILLIMUR,140.8
WULGULMERANG WEST,152.9
SWAN ISLAND,135.2
KYVALLEY,176.4
BRANXHOLME,95.0
BORNES HILL,108.7
TANJIL,155.8
GLEN VALLEY,166.3
SWIFTS CREEK,141.0
MURRINDINDI,151.6
ROCKLANDS,110.3
WOOLSTHORPE,104.6
ZUMSTEINS,115.5
HALLORA,151.9
MORNINGTON,128.8
WAITCHIE,173.3
FERNSHAW,148.4
DOUGLAS,114.1
LANGKOOP,114.4
WENSLEYDALE,139.4
SERVICETON,144.2
RUPANYUP,140.8
BUCHAN SOUTH,139.5
NETHERBY,155.9
ALLAMBEE,159.9
MACARTHUR,102.5
MARRAWEENEY,162.5
RUBICON,152.0
CARAMUT,113.7
LISMORE,127.6
LICOLA,149.5
YAAPEET,185.0
COWANGIE,187.2
NARBETHONG,143.1
BOLWARRAH,136.4
SKENES CREEK,122.6
MAFEKING,123.4
TERRICK TERRICK EAST,168.3
CHURCHILL ISLAND,135.1
ST KILDA WEST,131.1
MASSEY,144.4
PRINCES HILL,129.7
SUNSET STRIP,136.5
EUREKA,136.2
WIMBLEDON HEIGHTS,133.4
RIPPONLEA,131.4
GARDENVALE,129.9
EGANSTOWN,143.4
WIRRATE,166.5
BLACKHEATH,146.5
DAYLESFORD,133.9
NATIMUK,128.9
DUCHEMBEGARRA,124.9
CLYDE,140.4
LALOR,132.1
KERGUNYAH SOUTH,166.4
DEDERANG,157.1
UPPER GUNDOWRING,166.1
NAYOOK,143.9
GENTLE ANNIE,147.7
BOOROOL,133.7
BERRYS CREEK,145.8
CURLEWIS,143.9
WANDANA HEIGHTS,133.1
WARANGA SHORES,170.7
WATERFORD PARK,152.1
SANDHURST,128.7
CASTERTON,111.8
NELSON,111.2
LAKE MUNDI,115.6
BALLAPUR,170.1
CHANDLERS CREEK,155.2
HARROW,116.7
REYNARD,155.9
GENOA,154.0
HOTHAM HEIGHTS,148.4
SELWYN,158.6
HEATH HILL,138.6
ATHLONE,141.9
DRUMBORG,103.1
HOPETOUN,172.7
BUNGEET WEST,156.9
CALLIGNEE SOUTH,150.6
CHINKAPOOK,188.7
WHITTINGTON,132.1
JUNCTION VILLAGE,151.4
WINCHELSEA SOUTH,131.3
TUNGAMAH,176.0
WOODGLEN,145.9
EAGLE POINT,149.3
JOHNSONVILLE,147.6
CAULFIELD,132.2
EUMEMMERRING,139.6
NEWCOMB,139.4
POREPUNKAH,155.0
ALBACUTYA,165.1
SOUTH DUDLEY,140.7
DALYSTON,137.8
YANAKIE,151.3
GHERANG,129.1
WEST CREEK,144.5
SAN REMO,145.4
ROSEBROOK,102.9
WEDDERBURN,160.8
BEAUCHAMP,160.3
NELSE,168.0
HARMERS HAVEN,135.4
NORTH WONTHAGGI,138.3
BULDAH,159.7
TORRITA,192.7
NEUARPURR,144.6
BOORT,158.5
VERVALE,149.2
ARCHIES CREEK,133.5
HAWKESDALE,102.8
BAKERY HILL,142.6
TANYBRYN,127.3
MERINGUR,208.5
WOODSTOCK,140.4
ANNUELLO,210.0
BIG DESERT,181.8
MERRINEE,215.1
BENAMBRA,155.3
MAIN LEAD,143.2
BELLBRAE,130.7
KENMARE,160.2
WILLENABRINA,151.7
FISKVILLE,142.1
CRYMELON,154.9
AUBREY,144.6
BLACKWOOD,135.0
AIRPORT WEST,125.4
NULLA VALE,151.8
INGLISTON,143.8
WOOLAMAI,142.7
NEILBOROUGH,155.6
ALMURTA,145.3
WERRIMULL,215.1
WINGAN RIVER,149.2
MARYKNOLL,142.7
KYABRAM SOUTH,179.4
CAPE PATERSON,140.9
KILCUNDA,140.0
NEWBURY,140.2
WHIPSTICK,156.1
PYRAMID HILL,164.2
COMBIENBAR,146.8
MOUNT RICHMOND,109.5
LAKE MARMAL,157.1
NILMA,149.6
WARRAGUL SOUTH,155.9
HORDERN VALE,138.1
DEAN,137.4
WONTHAGGI,144.5
KNOXFIELD,142.4
HERNE HILL,134.5
WATTLE BANK,141.6
ST CLAIR,150.0
HORSHAM,130.2
LONGERENONG,131.2
SKENES CREEK NORTH,130.4
WYE RIVER,135.5
TATYOON,123.5
BARKERS CREEK,151.0
CAPE BRIDGEWATER,107.7
KENNETT RIVER,136.0
MARTHAVALE,150.6
DORODONG,116.7
NOORINBEE NORTH,151.9
TOOMBON,144.1
GREY RIVER,129.3
SYLVATERRE,168.7
KERRISDALE,152.1
HUMEVALE,145.5
LAKE BOLAC,112.1
ULTIMA,167.9
BUMBERRAH,148.9
PETTICOAT CREEK,143.9
DANDENONG SOUTH,139.2
DANDENONG,140.9
LYNDHURST,144.3
LYNBROOK,139.2
PATYAH,118.4
MORTLAKE,118.7
QUAMBATOOK,160.8
JAM JERRUP,147.3
WULGULMERANG,149.6
SWAN REACH,154.3
TYNTYNDER SOUTH,175.9
WULGULMERANG EAST,159.1
BRUMBY,154.4
CLARINDA,141.8
FERNY CREEK,145.3
CAIRNLEA,137.9
TYRRELL,173.1
DALES CREEK,130.6
BAMBRA,131.5
INVERMAY PARK,138.1
WESTMEADOWS,130.2
ASHWOOD,132.8
CORACK EAST,160.3
PATTERSON LAKES,131.0
BURWOOD EAST,140.8
NOORINBEE,159.1
CADELLO,141.0
DRUMMOND,145.5
PENTLAND HILLS,126.4
SEAFORD,127.3
BEULAH,157.4
KINNABULLA,163.3
NANGANA,138.4
TENNYSON,164.2
AIRLY,147.1
LAMPLOUGH,132.6
BELLBIRD CREEK,146.0
LONGLEA,164.8
GOUGHS BAY,153.4
MYRTLEFORD,156.9
BUCKLAND,157.5
MIGA LAKE,113.0
MOUNT BUFFALO,153.9
MALLACOOTA,154.5
BARWON DOWNS,140.1
LALBERT,164.5
APSLEY,123.6
WHIRILY,164.7
BILLABONG,153.6
HOWITT PLAINS,156.1
NORADJUHA,118.3
TALLAROOK,156.3
YEA,148.4
THOMSON,137.4
CALIFORNIA GULLY,156.7
RINGWOOD NORTH,132.7
MONTGOMERY,139.0
MARIONVALE,169.2
HIGHETT,126.7
COLBROOK,142.0
MARIBYRNONG,126.9
CAMPBELLFIELD,138.8
YANGOURA,152.0
DOCKLANDS,137.8
NUTFIELD,142.5
PAYNESVILLE,147.5
ANGLESEA,135.9
BONNIE DOON,165.8
HOPETOUN PARK,134.6
ROCKY POINT,129.9
GLENORCHY,128.4
SAILORS HILL,143.1
MONT ALBERT,128.8
CLIFTON HILL,136.5
MOGGS CREEK,122.7
RIPPLESIDE,135.5
NOBLE PARK NORTH,139.7
MURRAWEE,171.2
GEELONG,128.6
CAULFIELD SOUTH,140.5
RICHMOND,137.4
TORWOOD,149.5
MORDIALLOC,134.3
LEIGH CREEK,138.1
BUCKLEY SWAMP,99.2
PANTON HILL,136.9
KILLARA,152.7
NOTTING HILL,136.1
CORAL BANK,165.9
BARNADOWN,157.9
CHILTERN,163.6
GOLDEN GULLY,160.5
ST KILDA,125.4
WARRAGUL WEST,144.9
PARADISE BEACH,156.3
BLACK ROCK,136.9
NORTH GEELONG,132.2
THE PATCH,126.1
MINMINDIE,161.2
LAKE EPPALOCK,150.4
CAPE SCHANCK,141.7
FAIRHAVEN,140.8
GERMANTOWN,159.6
EMU CREEK,150.9
EASTERN VIEW,137.5
BRAYBROOK,139.2
WARRANDYTE SOUTH,129.0
MONOMEITH,132.9
THORPDALE,147.8
DRYSDALE,134.3
ABERFELDY,150.7
NAREEWILLOCK,153.5
ST KILDA EAST,139.4
WAARRE,121.8
GLADSTONE PARK,131.5
MAIDSTONE,135.6
BREAKWATER,136.0
ST ALBANS PARK,138.8
BORALMA,161.8
NEWLANDS ARM,152.0
BELGRAVE,150.1
MOOROOPNA,181.1
CAULFIELD NORTH,125.7
DOVETON,132.1
ABERFELDIE,122.6
CREEK JUNCTION,169.9
LINDENOW,144.6
PAARATTE,122.3
LEMNOS,178.3
EXFORD,144.5
MILNES BRIDGE,170.5
GOORAM,154.2
SMITHS BEACH,144.8
TANTARABOO,142.9
BAROMI,151.9
CHADSTONE,134.9
AIREYS INLET,139.9
BRIDGEWATER ON LODDON,149.0
MOUNT PLEASANT,138.4
NORTH BENDIGO,152.5
FOREST HILL,139.2
RYTHDALE,139.7
REDAN,137.7
KENSINGTON,135.4
OAKLEIGH EAST,137.7
BURNEWANG,163.3
AYRFORD,121.7
ESSENDON FIELDS,125.9
WEEAPROINAH,129.0
BALD HILLS,137.8
BUFFALO,153.4
EDITHVALE,133.7
BRADFORD,152.1
ROSANNA,135.8
MOE,151.5
SALISBURY WEST,150.5
BRIDGEWATER NORTH,164.4
MOUNT ECCLES,147.4
LEONGATHA NORTH,148.2
TARNEIT,129.8
TRAFALGAR SOUTH,139.1
PARWAN,132.5
ARMSTRONG,126.7
KERNOT,141.1
SCOTCHMANS LEAD,143.3
BAW BAW VILLAGE,157.4
HEATHMONT,139.1
SHAYS FLAT,128.6
MILLOO,159.9
NUNGURNER,159.1
ILLOWA,104.9
SEAHOLME,134.4
DAWSON,144.6
IRONBARK,151.5
HUGHESDALE,125.1
JACANA,132.7
SEAVIEW,145.6
BARRAKEE,156.0
IRISHTOWN,144.7
TYLDEN SOUTH,138.6
YARROWEYAH,179.4
GUNBOWER,166.0
ALMA,141.5
QUARRY HILL,150.9
NORTH MELBOURNE,131.3
ARDEER,134.6
LEITCHVILLE,167.9
GRANYA,156.8
CHINTIN,133.4
LAKES ENTRANCE,162.5
HAVELOCK,142.8
LONG GULLY,146.3
CHARLEMONT,132.6
STIRLING,150.3
SUNDAY CREEK,148.6
CORNELLA,162.1
YALMY,155.5
BUCHAN,152.3
MCCRAE,126.8
LAKE BUNGA,147.7
FOOTSCRAY,135.8
GIL GIL,154.6
ELEVATED PLAINS,140.5
MOONLIGHT FLAT,149.2
NATHALIA,174.0
TERIP TERIP,170.4
STRADBROKE,152.8
HEATHERTON,134.0
SAILORS FALLS,144.8
HAMPTON EAST,125.0
FITZROY,134.6
GOLDEN POINT,139.5
GOWANBRAE,129.2
WALDARA,163.0
ORRVALE,189.1
YANGERY,113.6
COLLINGWOOD,131.9
NEWINGTON,138.3
EAGLEHAWK,151.7
CARNEGIE,129.6
WEST BENDIGO,160.2
LAVERTON,127.7
BANGERANG,148.9
BROOKVILLE,152.2
YAWONG HILLS,139.7
MOUNT ECCLES SOUTH,145.7
BALLARAT CENTRAL,132.7
KINGSBURY,130.3
THALLOO,158.0
MCKENZIE HILL,145.9
CAULFIELD EAST,138.3
SUNDERLAND BAY,138.7
RAWSON,147.9
CAMPERDOWN,120.5
WEST FOOTSCRAY,135.4
ALBANVALE,127.1
NORTH SHORE,134.8
THALIA,158.1
CHEWTON BUSHLANDS,140.5
DEWHURST,138.5
MCKINNON,139.5
TOTTENHAM,130.8
SOLDIERS HILL,130.4
ELLIMINYT,130.6
MODEWARRE,128.9
TIDAL RIVER,142.8
OAKLEIGH,135.3
MORIAC,133.3
ELLINBANK,150.7
BAYSWATER,134.8
MURCHISON,181.7
AVALON,133.5
YARRAVILLE,130.4
MELBOURNE,138.2
MOONEE PONDS,134.8
GLENROY,138.1
MAIDEN GULLY,156.8
MELWOOD,145.3
CHELSEA HEIGHTS,133.0
BLIND BIGHT,147.3
BALLARAT EAST,133.8
DROUIN EAST,150.6
BEND OF ISLANDS,147.5
WOODSIDE BEACH,150.1
YORK PLAINS,149.0
EPSOM,154.5
UPWEY,129.3
MANANGATANG,184.8
BASALT,144.1
VERMONT SOUTH,125.8
WAGGARANDALL,176.2
YABBA NORTH,180.1
MANIFOLD HEIGHTS,139.6
JAN JUC,130.9
EAGLEHAWK NORTH,152.1
KATANDRA,184.6
BOORHAMAN EAST,167.2
BLACKBURN SOUTH,135.9
BOX HILL SOUTH,130.0
CLEMATIS,134.3
SAFETY BEACH,141.4
CAPE WOOLAMAI,137.7
BITTERN,131.0
LESLIE MANOR,132.7
CROOKED RIVER,159.1
HAMLYN HEIGHTS,138.5
CURYO,163.8
ABBOTSFORD,133.5
COOLAROO,130.6
ASPENDALE,133.9
WILLIAMS LANDING,135.9
DARRIMAN,152.7
VICTORIA VALLEY,101.2
SILVERLEAVES,139.9
SUMMERLANDS,143.8
PARKDALE,139.0
TECOMA,138.1
GLEN HUNTLY,130.8
LAKE WONGAN,121.5
BAMGANIE,139.4
WATSONS CREEK,141.5
WILLIAMSTOWN NORTH,135.2
WARRANWOOD,133.8
WOODEND,136.6
CHAPEL FLAT,141.9
HOMERTON,104.3
SAMARIA,162.4
FRENCH ISLAND,147.6
GLENLOGIE,143.2
RAGLAN,145.1
WERRIBEE SOUTH,127.6
POINT COOK,127.0
ARCADIA SOUTH,176.4
CHUTE,147.2
HOMEBUSH,141.7
MARSHALL,147.4
HAVEN,127.7
LOWER NORTON,128.8
MOUNT LONARCH,143.5
BESSIEBELLE,104.3
NUMURKAH,172.7
SIMPSON,125.9
WOORINEN,171.0
IRREWILLIPE,133.0
CARLISLE RIVER,126.6
ARCHERTON,166.0
BLACK HILL,137.6
TATONG,166.0
DRUMCONDRA,133.4
AIRE VALLEY,124.4
APOLLO BAY,137.8
BEECH FOREST,133.9
NOORAT EAST,114.5
SPOTSWOOD,127.9
NEWPORT,121.9
BUCKLEY,141.3
MOUNT MORIAC,135.9
CARINA,185.9
KINGSVILLE,131.9
BARRYS REEF,137.7
BENNISON,146.0
BOX HILL,139.0
FRANKSTON NORTH,126.5
LILLICO,145.2
NUNAWADING,142.6
TOOTGAROOK,136.9
MOOROODUC,132.8
MOUNT SABINE,136.8
BLAIRGOWRIE,146.5
NORLANE,132.8
FITZROY NORTH,119.8
ALBION,132.4
FRAMLINGHAM,116.7
HAZELWOOD,144.9
SALE,152.6
CASTLE DONNINGTON,169.0
BOWEYA NORTH,183.1
BELGRAVE HEIGHTS,149.2
GEELONG WEST,130.6
CROYDON HILLS,130.7
JEFFCOTT,146.3
MEADOW HEIGHTS,138.2
COBAINS,156.7
ATTWOOD,137.2
LEONGATHA,140.2
MARCUS HILL,133.5
MIDDLE PARK,134.5
BRAVINGTON,150.3
CARDIGAN VILLAGE,146.0
HUNTINGDALE,148.4
INVERLOCH,143.6
BALACLAVA,128.5
SOUTH KINGSVILLE,130.4
SURF BEACH,137.3
ALBERT PARK,139.4
YALLAMBIE,147.5
ALPHINGTON,135.8
BALLARAT NORTH,141.2
STANHOPE SOUTH,176.7
ELWOOD,128.1
ELSTERNWICK,135.9
DUMBALK,143.0
BONBEACH,122.0
BELL PARK,140.7
PORTARLINGTON,144.7
BULLARTO,139.7
MURRUMBEENA,127.9
CHELSEA,129.8
SASSAFRAS,132.4
LAKE WENDOUREE,139.2
MOORABBIN,134.1
MOUNT EVELYN,141.9
SPRINGVALE SOUTH,139.8
KOO WEE RUP NORTH,133.9
YARRABERB,155.1
BARWIDGEE,160.6
HILLCREST,131.5
CHOCOLYN,130.1
GLENORMISTON SOUTH,110.4
NORTH WANGARATTA,168.5
DOOKIE COLLEGE,181.3
BRIMBOAL,112.3
NALANGIL,134.6
CARALULUP,149.2
RHYLL,145.0
TAROON,115.0
BULLAHARRE,124.0
WOODEND NORTH,141.6
ARTHURS SEAT,131.4
FLYNNS CREEK,157.0
GOSCHEN,172.7
BIG HILL,144.8
FRYERSTOWN,141.9
KORWEINGUBOORA,145.1
SPRINGDALLAH,132.6
HOWQUA INLET,160.4
BUNDALONG SOUTH,166.0
COSGROVE,177.9
FRAMLINGHAM EAST,109.2
MURRINDAL,148.9
KARDELLA,154.9
NUGGETTY,143.5
SAWMILL SETTLEMENT,154.5
BROOKLYN,124.1
PHEASANT CREEK,155.1
NULLAWARRE NORTH,122.1
HAWTHORN,132.9
TREMONT,136.5
BELLELLEN,113.8
CARRAJUNG SOUTH,148.8
ROSES GAP,114.5
RED HILL SOUTH,123.5
MOUNT FRANKLIN,150.5
GLENLEE,147.8
BAGSHOT,156.5
RUNNING CREEK,150.1
TANWOOD,144.2
MAILORS FLAT,112.0
WESTBY,165.4
BULN BULN,150.5
YANNATHAN,142.4
GLENPATRICK,133.0
AVONSLEIGH,138.2
MENZIES CREEK,140.3
THE COVE,113.9
SPRINGMOUNT,132.6
TARILTA,147.8
NOWHERE CREEK,134.6
MOE SOUTH,148.5
PIGGOREET,137.2
NEWLYN NORTH,140.2
MERBEIN SOUTH,217.6
ROSEBERY,168.2
TABBERABBERA,153.3
BALLENDELLA,168.3
MOUNT WAVERLEY,129.0
GREEN GULLY,156.1
LAKE CONDAH,101.2
STAFFORDSHIRE REEF,135.9
KOOROOMAN,134.0
SOUTH WHARF,122.1
GREDGWIN,154.7
NERRING,137.0
TRESCO WEST,171.8
PIPERS CREEK,134.6
GLENBRAE,131.4
RIVERSIDE,125.4
CARRUM,136.6
KOROOP,158.3
BENDIGO,145.9
ASHBURTON,134.6
MALVERN EAST,126.5
CANTERBURY,133.1
BLACKBURN NORTH,126.5
PARK ORCHARDS,135.8
LAKE GARDENS,140.2
RAINBOW,159.7
JEPARIT,147.1
WHEELERS HILL,136.3
ARMADALE,128.9
COONOOER WEST,158.1
MALVERN,125.9
MONGANS BRIDGE,157.1
TARNAGULLA,153.5
CUNDARE,126.3
ELINGAMITE,124.9
WEE WEE RUP,164.4
GLEN WAVERLEY,134.4
LOCH VALLEY,153.3
EAST SALE,150.5
DALTONS BRIDGE,159.9
LOVELY BANKS,137.4
BELL POST HILL,128.0
CARAPOOEE WEST,137.0
CLARENDON,143.7
THOMASTOWN,133.0
BELGRAVE SOUTH,148.8
SHEANS CREEK,177.0
HURSTBRIDGE,145.7
FRANKSTON SOUTH,129.7
SIMPSONS CREEK,146.4
MEPUNGA,124.8
SMITHS GULLY,143.5
BRANDY CREEK,141.6
EMU,151.3
KARDELLA SOUTH,144.2
BETLEY,153.3
CABBAGE TREE,144.3
COOPERS CREEK,150.8
WHOROULY EAST,170.6
BUNGADOR,132.6
JOYCES CREEK,141.1
NAROGHID,123.3
HAZEL PARK,143.5
FERGUSON,129.8
WINTER VALLEY,136.9
NEERIM JUNCTION,141.3
GLENHOPE EAST,152.3
BRIGHTON EAST,124.2
WISELEIGH,149.6
SANDON,146.0
BORONIA,138.2
ALLENDALE,150.0
GIPSY POINT,156.0
WENTWORTH,148.9
LANGDONS HILL,139.3
TYAAK,143.1
ARGYLE,154.4
DOLLAR,145.1
CLARKES HILL,144.3
HEATHCOTE JUNCTION,136.2
OSBORNES FLAT,171.0
MIEPOLL,181.3
LONGWOOD,173.9
CASSILIS,154.0
KALLISTA,133.5
BIRDWOODTON,220.2
ROBERTSONS BEACH,150.0
ENDEAVOUR HILLS,141.0
SPARGO CREEK,146.7
GREENHILL,142.9
SKINNERS FLAT,165.1
NAREEB,110.3
BEARS LAGOON,157.1
DENNINGTON,112.6
LLOWALONG,146.0
KOROBEIT,149.3
CABARITA,224.5
GLEN WILLS,148.4
KANYA,137.3
MOUNT DORAN,136.5
AVONDALE HEIGHTS,132.9
ERICA,147.3
SOMERTON,142.8
CLARETOWN,143.4
MOKEPILLY,118.9
OXLEY FLATS,163.3
HAZELWOOD SOUTH,140.9
WHOOREL,136.0
NEWHAVEN,141.1
OAKLEIGH SOUTH,128.5
SHERBROOKE,135.3
MUSK,142.0
WOODSIDE NORTH,151.2
LANGSBOROUGH,138.2
HAVILAH,158.2
STRATHMORE HEIGHTS,133.4
PIEDMONT,152.7
MEAD,168.1
BEACONSFIELD UPPER,134.8
ST LEONARDS,132.2
PASCHENDALE,97.4
BIG PATS CREEK,144.2
LITTLE HAMPTON,147.6
LAWRENCE,140.4
EDGECOMBE,145.4
GELLIONDALE,147.5
GILLIESTON,177.2
COWES,136.9
AVON PLAINS,146.7
DOCTORS FLAT,150.6
WARATAH BAY,139.5
WOODFORD,114.1
CAPE CONRAN,153.6
INKERMAN,153.0
BOWSER,171.4
LUCKNOW,148.4
BAXTER,140.0
WONGA,146.4
CROSSOVER,141.2
CRANBOURNE WEST,136.0
COBAW,146.6
MEPUNGA EAST,117.8
TOOLAMBA WEST,186.1
ROSEBUD,136.3
WOORINEN NORTH,176.9
VENUS BAY,136.2
DON VALLEY,144.2
GLENDARUEL,137.6
CHEROKEE,136.8
GRAHAMVALE,178.4
MERRIANG,158.5
MERBEIN WEST,225.3
MILLGROVE,150.8
THORPDALE SOUTH,151.8
THE HONEYSUCKLES,151.1
MOUNT MAJOR,182.3
JEERALANG JUNCTION,141.1
HINNOMUNJIE,151.9
TULKARA,141.4
ZEERUST,184.0
TEESDALE,142.6
CLAYTON SOUTH,130.2
SHANNONVALE,150.8
HALLAM,134.7
GRETA,168.7
YARPTURK,104.4
RAVENHALL,136.5
CASTLE CREEK,159.2
BROMLEY,143.4
OLINDA,141.7
BLACKBURN,142.7
SELBY,140.2
CRIB POINT,142.9
BULLEEN,132.0
LAKE TYERS BEACH,142.9
AMOR,152.9
WEST MELBOURNE,127.0
SIMSON,148.1
YARRAGON,149.9
GLENMAGGIE,151.0
TAHARA,103.8
MORGIANA,87.1
TARRENLEA,98.8
KINGSTON,140.6
MOUNT PROSPECT,139.2
TARRAWARRA,152.6
TOWANINNY SOUTH,164.5
VIEWBANK,140.7
NARRE WARREN EAST,132.3
MURNUNGIN,171.1
MEATIAN,177.1
DALMORE,133.9
THE BASIN,134.6
VITE VITE NORTH,119.6
BURNSIDE,126.1
DURDIDWARRAH,147.4
NINYEUNOOK,162.4
NORONG,170.9
UNDERA,177.6
WANDIN EAST,150.2
WARRANDYTE,137.7
TOWONG UPPER,150.2
SOUTHERN CROSS,114.9
WATTLE FLAT,134.6
PLENTY,132.3
WANDIN NORTH,138.1
CANNONS CREEK,140.3
LINDENOW SOUTH,150.2
GOORNONG,162.7
GNOTUK,129.8
MOUNT DANDENONG,137.8
DINGLEY VILLAGE,135.7
MOUNT TOOLEBEWONG,138.3
BOOLARONG,156.5
LORQUON,155.6
NORTH WARRANDYTE,140.4
WOORARRA WEST,138.9
BATHUMI,166.0
GAFFNEYS CREEK,152.8
MICKLEHAM,132.2
MOSSIFACE,151.6
COWLEYS CREEK,119.2
AGNES,148.3
BELLS BEACH,135.1
ALTONA NORTH,130.4
BADGER CREEK,150.1
ST ALBANS,131.8
EAST BAIRNSDALE,154.8
KALORAMA,142.3
COALVILLE,149.1
PENNYROYAL,138.8
WANNON,103.5
BROOMFIELD,143.1
YANDOIT HILLS,145.4
EAST MELBOURNE,130.4
DENISON,149.5
JANCOURT,128.1
BOCHARA,102.5
NYAH WEST,182.1
GATUM,97.6
MURROON,134.8
SWAN HILL,170.2
LAKE LONSDALE,124.6
CAVENDISH,99.6
BERRINGA,134.0
ELINGAMITE NORTH,114.5
PELLUEBLA,167.7
ARCHDALE JUNCTION,150.4
FAIRLEY,166.1
APPIN,159.7
MOUNT BOLTON,144.7
OMEO VALLEY,154.9
TRARALGON SOUTH,153.7
MANDURANG,158.1
MOUNT BECKWORTH,154.0
MOLOGA,167.7
SWAN HILL WEST,178.5
FLAMINGO BEACH,146.4
DOOKIE,186.3
NIRRANDA,111.3
WAYGARA,153.0
KORIELLA,170.8
ROKEBY,153.7
PURNIM WEST,117.4
DHURRINGILE,178.0
WATCHEM,153.6
CLOVER FLAT,96.3
GRANITE ROCK,162.2
NICHOLSON,144.3
HEATHCOTE SOUTH,145.6
SARSFIELD,162.9
LENEVA,173.4
BUNGAREE,133.5
YERING,137.5
YUNDOOL,180.7
WINLATON,169.8
ELLASWOOD,152.3
EAST WANGARATTA,164.3
KYNETON SOUTH,144.1
MITCHELL PARK,137.4
STACEYS BRIDGE,156.5
MORANDING,140.9
YEO,133.6
WELSHMANS REEF,144.9
GOWER,152.0
DROUIN,139.6
BERRIMAL,142.3
PASTORIA EAST,150.0
CUDGEE,114.5
WAAIA,187.9
MIA MIA,156.7
YARCK,159.4
WYUNA,170.6
TARRONE,109.8
TOOLONG,113.3
WILLAURA NORTH,118.2
TURTONS CREEK,140.5
NUG NUG,154.4
GOWANFORD,178.7
LONGWARRY,140.3
TARRENGOWER,147.0
ALTONA,136.3
BUSHFIELD,104.8
RATHSCAR,137.0
CURDIEVALE,112.5
CALLIGNEE,163.9
WANGOOM,104.1
BOOLARRA,143.8
LLANELLY,157.2
HAWKHURST,146.5
OCEAN GRANGE,157.6
TYERS,148.2
CARRUM DOWNS,127.5
STONYFORD,128.0
CARPENDEIT,137.7
BONA VISTA,142.1
TAMBO CROSSING,148.3
TARADALE,150.1
SWANWATER,138.1
GUYS FOREST,165.3
BRIMIN,164.9
GROVEDALE,128.2
BUNDALONG,165.7
BOORHAMAN NORTH,173.0
ESMOND,178.1
ALLAMBEE SOUTH,146.7
LANGWARRIN SOUTH,139.0
BOXWOOD,173.2
NORVAL,120.7
SKYE,133.9
MANOR LAKES,129.8
WOORINEN SOUTH,169.9
KATANDRA WEST,174.7
DRUMANURE,185.8
EVERSLEY,139.7
DOCKERS PLAINS,164.8
MARYVALE,151.3
COBRICO,119.9
NIRRANDA EAST,124.6
POMBORNEIT EAST,136.8
DARRAWEIT GUIM,141.1
MOOROOLBARK,134.6
KEELY,176.2
BOONAH,134.3
HOLLANDS LANDING,149.8
BINGO MUNJIE,144.6
MAMBOURIN,131.1
SHELLEY,163.2
GLADYSDALE,153.0
WATERHOLES,142.4
HILGAY,97.6
SEBASTIAN,156.6
SILVAN,138.2
TYRENDARRA EAST,108.0
CASTLEMAINE,143.0
BROADLANDS,148.3
CAMPBELLS CREEK,147.9
KNEBSWORTH,107.5
DELATITE,158.2
LOCKWOOD SOUTH,151.1
COTTLES BRIDGE,137.6
YARRAMBAT,139.1
NEERIM NORTH,147.2
MUCKLEFORD SOUTH,149.9
WYUNA EAST,176.0
BET BET,148.2
KOETONG,158.3
MERRIMU,142.1
DARLEY,139.1
COIMADAI,133.7
MYRNIONG,140.1
BATESFORD,138.2
GHERINGHAP,134.3
MOORABOOL,143.6
SUTHERLANDS CREEK,140.3
BANNOCKBURN,140.6
RUSSELLS BRIDGE,141.4
BOSTOCKS CREEK,130.6
POOWONG,138.1
WALKERVILLE NORTH,155.0
CARDROSS,226.9
SPRINGBANK,140.2
CHILTERN VALLEY,172.0
LAEN EAST,147.0
NYERIMILANG,150.2
LANGWARRIN,132.4
SEATON,152.1
YEODENE,132.8
BARONGAROOK WEST,130.3
COOMA,176.0
TIMOR WEST,144.6
GORAE WEST,113.3
MOLYULLAH,176.3
CLOVERLEA,143.4
PORT ALBERT,142.7
LANCASTER,187.7
MACORNA NORTH,157.6
RIPPLEBROOK,139.4
LILYDALE,126.9
DUNNEWORTHY,123.3
WINJALLOK,142.9
BUNINYONG,138.6
LEONARDS HILL,141.8
TAWONGA SOUTH,151.3
WEDDERBURN JUNCTION,158.0
BURRAMINE SOUTH,186.5
DUNNSTOWN,131.2
GERAHMIN,178.0
WHEATSHEAF,141.5
WANDONG,136.2
KOONDA,178.5
WURRUK,157.7
LITTLE DESERT,131.4
VAUGHAN,143.5
HEYWOOD,101.7
FRENCHMANS,139.0
HAMPTON PARK,142.4
WOORI YALLOCK,138.0
VESPER,145.7
MUSK VALE,145.6
LETHBRIDGE,133.7
YELLINGBO,136.4
SEVILLE EAST,136.5
SEVILLE,136.6
WENDOUREE,137.8
DERGHOLM,113.9
BRIDGE CREEK,158.0
TOLMIE,161.3
LAH,148.4
WANGANDARY,164.5
IRREWILLIPE EAST,135.8
BERWICK,134.3
BEACONSFIELD,148.8
KROWERA,149.8
LAKE GOLDSMITH,135.9
THORNBURY,128.4
ST ARNAUD,146.8
MOUNT COLE CREEK,126.5
POOTILLA,140.4
KERRIE,145.0
MOUNT ROWAN,144.0
DEER PARK,140.3
SULKY,142.3
WALLAGARAUGH,151.1
MERRIANG SOUTH,157.9
DUMBALK NORTH,140.7
JUMBUK,147.7
MOUNT HOOGHLY,148.1
RHEOLA,155.5
TRARALGON EAST,144.5
KENNEDYS CREEK,129.5
STRATHLEA,150.6
MIRALIE,185.2
WOOD WOOD,182.1
LANCE CREEK,142.5
MCMILLANS,168.6
KOORNALLA,149.0
ILLAWARRA,122.3
BULN BULN EAST,154.9
EAST GEELONG,136.8
PICOLA WEST,164.6
GLENGARRY WEST,149.5
UPTON HILL,168.1
BRIM,151.2
CHEWTON,149.5
BAYLES,149.3
DROPMORE,165.5
CATHKIN,159.5
HAPPY VALLEY,135.0
TYABB,136.7
STRZELECKI,147.9
RIVERSLEA,149.5
KURRACA WEST,146.6
POOWONG NORTH,148.6
NYORA,148.0
KORONG VALE,156.1
TOORADIN,145.0
HIAMDALE,147.1
MYSTIC PARK,162.3
PENTAL ISLAND,165.1
CULLEN,179.2
BULLIOH,162.3
BOLANGUM,138.0
MACCLESFIELD,150.6
BUSHY PARK,162.1
BULLAROOK,141.0
POMBORNEIT,124.8
BERRIWILLOCK,170.5
GLENLUCE,143.6
CARGERIE,128.5
YAMBUNA,159.0
HUON CREEK,168.4
EBDEN,159.8
DARNUM,150.1
ASCOT,136.7
WALLACE,132.4
STRANGWAYS,148.9
UPPER RYANS CREEK,161.0
LYONVILLE,137.1
MOUNT BRUNO,182.4
SHEPPARTON NORTH,187.0
MAIN RIDGE,133.6
MORRL MORRL,130.1
PAKENHAM SOUTH,133.5
MOOROOPNA NORTH WEST,187.0
COOMOORA,143.0
JACOB CREEK,152.2
KIALLA WEST,175.2
TATURA EAST,182.8
MOORA,167.9
NEWBOROUGH,137.4
BIMBOURIE,179.4
WANGARATTA,157.6
HOWQUA,167.1
GARFIELD,134.7
TARWIN,148.4
PIRIES,160.8
DAISY HILL,142.1
MIDDLE CREEK,124.8
NURCOUNG,130.6
NEW GISBORNE,138.2
FERNDALE,145.5
MOGLONEMBY,170.2
MCKENZIE CREEK,118.0
CALULU,146.0
STRATHALLAN,163.9
DINNER PLAIN,164.1
DRY DIGGINGS,140.0
KALIMNA,137.8
RESEARCH,128.0
MOUNT TASSIE,148.1
CANADIAN,145.4
CURDIES RIVER,119.1
NORTH BLACKWOOD,144.0
SORRENTO,140.1
GOLDSBOROUGH,141.4
FREEBURGH,151.8
YINNAR,149.7
DERBY,159.4
TABOR,95.2
SHEPHERDS FLAT,150.6
RIACHELLA,132.9
EURACK,143.4
TAHARA BRIDGE,96.9
WATTLE CREEK,130.6
ST GERMAINS,188.4
LANGI LOGAN,124.0
LIMA,166.9
RAYMOND ISLAND,140.0
MANNS BEACH,152.5
MEPUNGA WEST,116.1
KOTTA,168.5
GORDON,148.0
ARAWATA,142.0
YENDON,133.3
RATHSCAR WEST,149.2
INVERMAY,138.9
MANDURANG SOUTH,157.8
IONA,140.9
MERRICKS NORTH,144.2
CARDINIA,146.4
BULLARTO SOUTH,136.7
BYLANDS,146.9
TAMBO UPPER,145.5
ROXBURGH PARK,138.1
GOLDEN BEACH,152.2
KALKALLO,137.8
FRANKSTON,135.5
WHITELAW,144.8
NANNEELLA,175.2
BENTLEIGH EAST,126.4
TRESCO,170.5
MEREDITH,137.7
LILLIPUT,170.2
BENTLEIGH,131.8
BOWEYA,166.9
GAPSTED,161.6
THREE BRIDGES,147.8
WALWA,161.4
BURROWYE,168.4
MOUNT ALFRED,163.1
NAVIGATORS,135.2
CHURCHILL,147.0
KOOROOCHEANG,137.3
LANGLEY,145.1
NEERIM,144.4
WANGARABELL,151.3
SANDY POINT,146.5
HATTAH,209.6
RANCEBY,151.1
HERNES OAK,150.7
MOUNT ELIZA,125.7
BAYINDEEN,119.2
CRESWICK NORTH,136.6
PORT WELSHPOOL,149.2
MONBULK,141.5
TOURELLO,140.8
BUDGERUM EAST,158.3
KANGAROO FLAT,159.5
PINE VIEW,157.8
ICY CREEK,149.3
YEUNGROON EAST,141.5
YABBA SOUTH,182.9
MARNOO EAST,131.4
KURRACA,153.1
BALNARRING,134.4
LAURISTON,143.3
HASTINGS,144.4
OAKVALE,162.8
BULGANA,139.7
TAMBORITHA,145.2
FYANS CREEK,111.7
GOBUR,158.7
BADDAGINNIE,176.3
MANGALORE,167.3
AVENEL,169.0
TALLANGATTA VALLEY,161.8
LUCYVALE,156.9
MUCKATAH,173.7
FAIRY DELL,157.3
MILAWA,160.1
GRE GRE,140.9
COWWARR,144.4
JEERALANG,149.9
MYALL,176.9
PANMURE,120.8
ARNOLD WEST,147.9
GRETA SOUTH,175.4
ENSAY NORTH,151.1
AVONMORE,165.4
BARONGAROOK,128.0
PARKVILLE,130.1
WERONA,140.7
BRIT BRIT,103.7
MOLESWORTH,162.2
GHIN GHIN,158.1
ERCILDOUNE,137.2
BARRAMUNGA,129.9
LACEBY,164.5
GIRGARRE,173.2
SWAN MARSH,119.0
ORMOND,127.7
KURTING,153.0
KIALLA EAST,180.0
BYRNESIDE,179.6
HOWES CREEK,166.8
WARANGA,181.9
NARINGAL,118.2
CAMBERWELL,138.6
DONVALE,133.6
ROWVILLE,117.4
DONCASTER EAST,147.2
MERNDA,134.9
DOREEN,139.3
YAN YEAN,144.1
OMBERSLEY,130.9
KERANG,168.5
ENFIELD,138.8
BALLIANG,133.1
NAPOLEONS,139.3
AXE CREEK,157.7
KANGAROO GROUND,129.6
CRAIGIEBURN,138.0
BIRREGURRA,131.6
OFFICER,142.4
NYRRABY,179.8
CRANBOURNE SOUTH,140.3
MOORILIM,171.5
WOOSANG,148.9
YARRAWALLA,163.8
CLIFTON SPRINGS,137.4
WINCHELSEA,134.4
CHESNEY VALE,172.3
DURHAM LEAD,128.5
TATURA,179.5
TOWAN,172.9
YANDO,151.7
TAGGERTY,157.1
BUXTON,156.1
BARINGHUP,145.1
CAVEAT,156.7
TOTTINGTON,146.1
HENTY,100.2
ANGLERS REST,163.9
ROCHESTER,180.0
ST HELENS,112.5
NEWSTEAD,137.6
SIDONIA,148.3
SUGARLOAF CREEK,149.1
KILLARNEY,109.9
POMBORNEIT NORTH,131.3
GRENVILLE,145.0
WYCHITELLA NORTH,156.4
PORT MELBOURNE,135.2
CLYDESDALE,141.6
HEYTESBURY LOWER,117.1
RAYWOOD,157.8
CHUM CREEK,150.2
BRIMPAEN,107.3
GERMANIA,126.9
SUTHERLAND,150.9
LONDRIGAN,163.5
KING VALLEY,164.7
HORFIELD,175.2
BAYNTON,150.1
EMERALD,148.6
MINERS REST,146.7
TANGAMBALANGA,161.9
CALLIGNEE NORTH,147.6
KAMAROOKA NORTH,161.6
MOUNT MARTHA,138.3
ESSENDON NORTH,137.0
SHEPPARTON EAST,189.3
HAZELWOOD NORTH,145.4
SWANPOOL,173.2
BUNBARTHA,186.7
WANDO BRIDGE,102.9
LURG,168.1
GERANG GERUNG,131.6
REEFTON,153.4
FALLS CREEK,160.5
TRAVANCORE,133.8
PASTORIA,143.1
MOORNGAG,158.6
TRENTHAM EAST,137.4
ENGLEFIELD,108.1
APPIN SOUTH,172.4
CALDERMEADE,136.7
LIPAROO,205.2
KENLEY,184.9
SPRINGFIELD,177.7
GRE GRE SOUTH,139.0
VERMONT,141.2
LERDERDERG,141.2
DERRINALLUM,127.5
WINTON,184.6
WARRAYURE,107.0
BEREMBOKE,136.5
RAVENSWOOD,150.3
RUSHWORTH,166.2
TALLANGATTA,155.0
SPRING HILL,142.2
GLENROWAN,153.2
STONEHAVEN,138.2
YOUARANG,173.7
COKUM,165.7
RICH AVON EAST,133.4
MOOLERR,137.0
STRATHMERTON,170.1
TYRENDARRA,113.8
WYELANGTA,127.7
WARROCK,107.6
QUEENSCLIFF,135.2
SWAN BAY,125.4
POINT LONSDALE,135.4
BOHO,169.4
MANNERIM,123.0
PASCOE VALE SOUTH,127.0
BENJEROOP,164.1
FISH POINT,171.2
GERRIGERRUP,109.9
WERRIBEE,133.3
WYNDHAM VALE,134.6
CONGUPNA,184.4
WUNGHNU,178.3
ARTHURS CREEK,147.8
PORCUPINE RIDGE,146.0
GLENLYON,143.2
NIRRANDA SOUTH,120.8
KATAMATITE EAST,168.1
GLEN CREEK,158.8
ARDMONA,182.4
GLADFIELD,154.6
ARAPILES,125.7
YALLA-Y-POORA,132.9
NEWHAM,126.6
BOGONG,154.9
ULLINA,140.5
YARRA GLEN,145.6
BURKES FLAT,139.0
SOUTH PURRUMBETE,130.1
WILDWOOD,144.1
MUNDOONA,177.2
PAINSWICK,147.3
BUTCHERS RIDGE,151.6
GLENLOTH EAST,155.9
TELFORD,176.9
ALLANS FLAT,158.8
KANUMBRA,161.3
WESBURN,138.8
GLENORMISTON NORTH,118.9
GOOROC,147.7
HARSTON,172.0
HILL END,152.5
BUDGEE BUDGEE,153.5
CUNDARE NORTH,129.9
FERNIHURST,159.4
POINT WILSON,133.1
DEEP LEAD,128.4
TIMBOON WEST,121.3
LAANG,116.5
WOOTONG VALE,102.9
KILSYTH SOUTH,141.0
BEEAC,131.4
STEELS CREEK,141.8
WOODSIDE,149.6
GILLUM,147.6
MENA PARK,135.5
WOODSTOCK WEST,135.3
VENTNOR,136.6
SOMERVILLE,133.6
BARFOLD,143.2
KIEWA,153.9
WATCHEM WEST,143.1
DROUIN SOUTH,138.7
KINGOWER,158.5
GLENMORE,140.7
PANITYA,181.2
JILPANGER,112.3
BEAUFORT,131.6
MERRIJIG,161.2
W TREE,157.9
FUMINA SOUTH,152.0
DENICULL CREEK,122.5
THOLOGOLONG,155.0
BUNGIL,160.4
PINE MOUNTAIN,161.0
TOWONG,161.6
LAWLER,150.6
NEWTOWN,130.6
MOCKINYA,112.9
YUROKE,134.4
MARNOO WEST,126.8
BELMONT,125.4
DIGGERS REST,133.6
WESTMERE,121.5
UPPER LURG,163.6
NAVARRE,140.4
TOOLAMBA,186.0
BERRINGAMA,160.3
ALLANSFORD,109.2
FORBES,149.1
BRUCKNELL,128.3
LANDSBOROUGH,135.0
CAMPBELLS FOREST,159.4
BUNGALALLY,131.6
SOUTH GEELONG,134.8
EDI,162.4
GOWAR EAST,139.2
MAINTONGOON,161.1
CARNGHAM,137.8
CATHCART,126.1
BONEO,139.4
TRAFALGAR EAST,149.4
MILLTOWN,92.5
YANDOIT,149.3
BONSHAW,139.7
DARGO,149.7
KERANG EAST,165.0
MILLBROOK,133.7
ARCHDALE,142.3
PEARCEDALE,142.7
NARINGAL EAST,119.8
LITCHFIELD,145.0
ST ARNAUD NORTH,148.1
GRASS FLAT,123.1
CHRISTMAS HILLS,142.5
COWA,149.9
GLENROWAN WEST,165.0
RICHMOND PLAINS,163.1
THE HEART,148.5
TRAWOOL,158.3
CHILLINGOLLAH,177.2
WINNINDOO,154.1
HUON,165.3
DIXONS CREEK,148.0
CROSS ROADS,133.3
WOODSTOCK ON LODDON,153.7
BUDGEREE,144.7
RICH AVON,140.2
BOOKAAR,129.5
LANGI KAL KAL,142.8
PIER MILAN,184.1
COBUNGRA,147.7
TELANGATUK EAST,110.2
KINGLAKE WEST,140.3
FERNTREE GULLY,146.1
TYNONG NORTH,148.6
DADSWELLS BRIDGE,130.1
CAPEL SOUND,133.2
LOY YANG,149.2
TRENTHAM,141.0
ROSSBRIDGE,116.8
NINE MILE,155.6
MURCHISON NORTH,178.8
WILLANGIE,164.0
BOOMAHNOOMOONAH,172.6
MANORINA,146.9
MUSKERRY,165.8
NORTHWOOD,165.9
SEASPRAY,150.2
CODRINGTON,106.8
UPPER FERNTREE GULLY,140.2
COOMBOONA,189.4
NILMA NORTH,143.7
KARABEAL,100.6
MOONAMBEL,142.8
THORNTON,151.0
GRE GRE NORTH,134.5
PIGEON PONDS,111.6
LYSTERFIELD,139.4
HODDLES CREEK,136.0
WARRNAMBOOL,111.4
COCOROC,130.8
LIMA SOUTH,158.9
TURRIFF EAST,177.8
LOCKSLEY,171.4
YINNAR SOUTH,152.5
CRESWICK,143.9
JACK RIVER,155.1
ARNOLD,145.0
TYRRELL DOWNS,171.8
YARRAWONGA SOUTH,171.1
ELMHURST,125.2
TALLYGAROOPNA,177.7
BALLANGEICH,116.9
ELPHINSTONE,143.7
WALLALOO,136.2
WARNE,155.4
PURA PURA,125.6
CORNISHTOWN,167.2
LODDON VALE,162.8
GLENGARRY NORTH,156.4
MALDON,140.1
MORWELL,155.6
COSTERFIELD,155.8
WOODFIELD,166.8
BOOLA,144.4
DELBURN,143.9
FENTONS CREEK,146.1
WARRONG,102.0
KIRKSTALL,110.0
DUNROBIN,109.3
WINSLOW,115.0
LOCKWOOD,164.3
TUERONG,127.8
CARRAJUNG,147.5
GRETA WEST,172.1
ALLAMBEE RESERVE,144.4
MINJAH,103.9
LANDSBOROUGH WEST,125.6
PIRRON YALLOCK,121.1
MOUNT DRYDEN,115.2
MOOROOPNA NORTH,177.4
GIFFARD WEST,150.5
GARIBALDI,130.0
WARRAGUL,152.6
ST HELENA,132.5
MOUNT BEAUTY,152.8
WHITFIELD,164.1
MOLIAGUL,146.2
YATCHAW,98.1
WALLAN,144.9
SHADY CREEK,160.1
TONGHI CREEK,158.4
HEIDELBERG,122.0
PEECHELBA EAST,175.6
MOYREISK,146.5
LAL LAL,139.4
TEDDYWADDY,153.1
EAGLEMONT,128.6
ASCOT VALE,126.2
FLEMINGTON,125.4
BALWYN,128.9
SMEATON,139.0
WATERLOO,129.6
KOOLOONONG,188.1
WHITLANDS,163.5
BULGA,176.8
CROSSLEY,100.9
BARUNAH PLAINS,129.7
BLACKWARRY,151.3
LANG LANG EAST,138.7
BRENANAH,151.1
GOBARUP,170.9
ST ANDREWS BEACH,136.1
COOJAR,106.4
SANDFORD,102.5
GUNDOWRING,164.0
FINGAL,136.2
RYE,139.9
LIMA EAST,177.0
MUNTHAM,103.4
MCINTYRE,146.1
CATUMNAL,158.9
CARLSRUHE,140.1
FRANKLINFORD,146.3
PEARSONDALE,155.2
OXLEY,162.8
DEANS MARSH,133.5
GLENGOWER,147.0
STRATEN,179.0
GIRGARRE EAST,173.6
LADYS PASS,147.6
KILLINGWORTH,151.9
BRUARONG,154.5
BENLOCH,148.8
DOCKER,165.6
ULTIMA EAST,172.8
MOUNT NAPIER,90.6
COSGROVE SOUTH,184.3
MITCHELLSTOWN,165.7
WOOLSHED FLAT,158.8
WALHALLA,149.5
CLIFTON CREEK,156.2
WEHLA,156.9
MUCKLEFORD,145.2
BUNGAL,137.3
TALBOT,138.3
GOLDIE,147.3
PINE LODGE,179.0
DRIK DRIK,101.8
CHEPSTOWE,134.8
BENGWORDEN,147.4
BAILIESTON,176.0
BARRAPORT WEST,155.1
JERUK,162.7
GLENFALLOCH,159.6
LOWER PLENTY,137.7
ELTHAM NORTH,134.9
BARKSTEAD,138.0
ROCKLYN,131.9
ROSEWHITE,159.2
BANNERTON,200.6
EAST WARBURTON,153.8
MCMAHONS CREEK,156.4
TOORONGO,144.2
KILMORE,146.0
SNAKE VALLEY,127.2
KOO WEE RUP,146.7
MELVILLE FOREST,101.8
COLERAINE,103.1
ROKEWOOD,131.3
KANYAPELLA,176.5
MINHAMITE,104.0
KONONGWOOTONG,100.7
BOTANIC RIDGE,141.4
SKIPTON,127.3
CAMPBELLTOWN,141.1
KARNAK,113.6
STAVELY,104.5
CARLTON NORTH,121.0
NERRIN NERRIN,116.6
LUBECK,119.0
AMPHITHEATRE,138.0
JAMIESON,153.9
ALTONA MEADOWS,124.4
TONIMBUK,143.7
WAREEK,139.7
DARLIMURLA,149.7
ARCADIA,186.7
WILLUNG SOUTH,145.2
ARARAT,123.1
WALLACEDALE,101.3
MOUNT MERCER,138.8
HUNTER,165.7
GLENBURN,149.2
SHELBOURNE,143.6
BARKLY,146.5
MARNOO,135.4
WANDO VALE,97.2
WELLSFORD,169.0
MAJORCA,150.7
MARYBOROUGH,147.3
FOSTERVILLE,157.6
BENWERRIN,137.3
ORFORD,107.7
BRINGALBERT,134.5
BANYAN,176.2
GOORAMBAT,171.2
GRAYS BRIDGE,141.2
ROSLYNMEAD,168.8
KELLALAC,137.4
KAMAROOKA,165.7
CORRINGLE,154.6
MARLO,153.4
BAIRNSDALE,140.8
BOWENVALE,137.3
SEBASTOPOL,144.3
NAR NAR GOON NORTH,143.3
MOUNT GLASGOW,141.4
CAMBRIAN HILL,133.8
BENDOC,152.5
COTSWOLD,143.3
JIL JIL,160.9
CRANBOURNE,133.1
ELTHAM,139.8
FAWKNER,123.1
RESERVOIR,136.4
DRUMMARTIN,161.5
KOLORA,118.8
GOON NURE,145.4
DANDENONG NORTH,135.2
MOORMBOOL WEST,162.7
MOUNT COLE,134.8
KEWELL,134.7
CARLTON,137.4
NERRENA,147.0
KOONWARRA,147.3
LEONGATHA SOUTH,150.5
MIRBOO,144.2
BOOLARRA SOUTH,142.6
STANHOPE,184.4
TRAGOWEL,157.3
JARKLIN,152.2
WICKLIFFE,104.6
BEECHWORTH,169.5
CULGOA,166.7
JANCOURT EAST,128.6
HILLDENE,154.3
GLENFYNE,119.9
TIMBOON,129.8
MYAMYN,91.3
TALLANDOON,158.2
DROMANA,136.2
WATSONIA,126.5
BRADVALE,133.3
MONTMORENCY,134.6
CHINANGIN,175.5
ALFREDTON,139.9
WILBY,168.6
BRIAR HILL,137.2
BEMM RIVER,157.1
TRAYNORS LAGOON,143.0
CAPELS CROSSING,172.0
KATAMATITE,178.2
WONWONDAH,120.2
HOMEWOOD,155.8
MONTROSE,138.8
HALLSTON,143.9
GIFFARD,149.0
SEACOMBE,150.6
COROROOKE,132.1
BELLFIELD,138.2
CROYDON NORTH,137.7
KINGLAKE CENTRAL,133.5
HOPPERS CROSSING,120.3
DARLINGTON,116.4
MATLOCK,160.7
EILDON,152.7
BALMORAL,100.1
WANDELLA,163.4
BOISDALE,150.1
AUCHMORE,160.2
NARRAPUMELAP SOUTH,107.5
MOUNT BUTE,134.6
DUTSON DOWNS,149.4
WINNAMBOOL,193.4
WHITTLESEA,150.5
BROADFORD,155.7
ELAINE,132.2
DINGWALL,164.8
MOUTAJUP,96.3
STONELEIGH,128.9
WRIXON,160.9
BAGSHOT NORTH,162.1
HILLSIDE,140.3
KALIMNA WEST,145.4
RED LION,141.5
MOUNT CAMERON,140.2
WOMBAT CREEK,153.1
BARWON HEADS,130.4
DREEITE,121.1
YARRAGON SOUTH,152.0
WARRABKOOK,93.8
NORMANVILLE,163.8
COONGULLA,146.8
CARDIGAN,141.9
OCEAN GROVE,132.2
BALLAN,140.6
WROXHAM,159.9
KORUMBURRA,142.5
LINTON,123.6
WERNETH,132.8
TRAFALGAR,150.5
WOODHOUSE,103.3
WHANREGARWEN,160.5
MINCHA WEST,163.7
TITTYBONG,161.9
WOORAGEE,155.2
PURNIM,125.6
KARRAMOMUS,177.1
BOWMANS FOREST,166.6
CANARY ISLAND,165.8
SKIBO,122.6
ROSTRON,146.5
CORUNNUN,130.8
BALINTORE,141.7
EVANSFORD,138.1
MENTONE,125.7
BALOOK,155.1
BOHO SOUTH,166.9
SUTTON,177.9
CARRANBALLAC,127.8
WONGA PARK,141.0
QUANDONG,136.2
ELDORADO,164.2
INDENTED HEAD,136.3
BROADWATER,106.7
LAKE ROWAN,177.2
GANNAWARRA,167.8
CLYDEBANK,154.7
PIRA,179.9
CRESSY,140.2
CORINDHAP,137.9
MOYSTON,122.5
COPE COPE,148.1
BIRCHIP,159.5
STANLEY,158.3
DIGBY,114.2
TOOLOME,159.7
WHOROULY SOUTH,160.0
MOUNT TAYLOR,145.2
BERRYBANK,124.7
FLYNN,156.5
GARVOC,122.3
MERRIGUM,177.8
HADDON,133.8
BAEL BAEL,168.1
COLDSTREAM,144.1
JOEL JOEL,137.3
JOEL SOUTH,132.1
MADALYA,151.4
BUNGEET,168.3
TOORAK,133.2
PRANJIP,166.2
KOOYONG,130.9
DEVENISH,177.9
NARRE WARREN SOUTH,133.7
LARRALEA,128.2
WON WRON,144.0
WARMUR,157.9
FULHAM,162.7
WOLLERT,142.0
NURRABIEL,111.4
TARRAVILLE,149.0
GAZETTE,100.3
WAL WAL,128.9
HEYFIELD,149.6
CROXTON EAST,101.6
TINTALDRA,159.5
LOCH SPORT,159.0
GRITJURK,103.9
BENA,146.3
PAKENHAM,145.7
BIRCHIP WEST,147.1
DERRINAL,158.0
ST ANDREWS,146.5
LUCAS,136.7
WARNCOORT,135.9
STONY CREEK,135.0
DUNACH,148.4
HANSONVILLE,167.5
BONN,164.0
SEYMOUR,156.3
WOOLENOOK,157.2
BARANDUDA,165.6
VALENCIA CREEK,157.3
ST ARNAUD EAST,141.9
PEECHELBA,165.1
ALEXANDRA,161.9
TRAWALLA,130.9
POLISBET,178.1
THE SISTERS,114.6
GLENLOTH,150.6
WAURN PONDS,140.0
MOOLAP,138.0
COBDEN,124.5
STRATHMORE,134.4
BRODRIBB RIVER,152.0
SARGOOD,153.4
CORACK,146.0
WILSONS HILL,151.3
NANGEELA,110.7
MOORNAPA,145.8
BUANGOR,133.6
MOUNT CAMEL,164.9
WANGIE,166.9
WARRION,134.7
AVOCA,145.7
LEICHARDT,147.0
WAIREWA,159.6
BETE BOLONG NORTH,162.9
WORROWING,165.0
WEERING,134.3
MOUNT EMU,128.6
SANDHILL LAKE,161.5
LICOLA NORTH,146.7
TRARALGON,146.6
DUNDONNELL,119.9
CARRAJUNG LOWER,146.6
SEABROOK,131.3
GLENLOFTY,128.0
NULLAWARRE,122.9
WAANYARRA,131.3
LAANECOORIE,149.9
CHESHUNT,163.1
DOBIE,123.7
BREAKAWAY CREEK,105.6
MYRRHEE,164.1
NEERIM SOUTH,149.5
KAWARREN,131.7
LAEN NORTH,138.9
LAKE BOGA,173.2
BANYENA,142.9
KARIAH,129.1
TABILK,165.5
BAYNTON EAST,137.6
WOOL WOOL,128.4
PARADISE,138.1
MINCHA,154.8
VICTORIA POINT,113.5
THOONA,173.0
TOWANINNY,170.4
MOLKA,175.9
WATSONIA NORTH,128.6
FOXHOW,139.3
COCAMBA,180.9
WILLATOOK,104.2
WOODVALE,168.0
ECKLIN SOUTH,128.0
GREENS CREEK,135.1
GLENALBYN,155.9
WARRAK,134.6
GLOMAR BEACH,151.0
WAUBRA,144.0
PERCYDALE,127.3
YOUANMITE,179.0
CARINGAL,149.9
TOOBORAC,155.7
KILMORE EAST,146.7
LAKE MERAN,164.3
GRUYERE,137.0
LANCEFIELD,140.9
CONDAH,104.7
NOWIE,174.6
SMOKO,158.5
BYADUK NORTH,97.3
MOONDARRA,160.8
TARRAYOUKYAN,112.6
BARWITE,160.6
COONOOER BRIDGE,158.2
KARYRIE,156.3
CORRYONG,169.5
TURRIFF,173.6
VASEY,109.6
BLAKEVILLE,140.9
LEAGHUR,168.9
KINYPANIAL,151.7
BOOROLITE,160.9
ACHERON,157.7
WILLUNG,146.1
MORRISONS,135.6
WYCHITELLA,158.0
NYARRIN,178.5
STAGHORN FLAT,160.1
ASPENDALE GARDENS,132.0
KYNETON,146.2
MOYARRA,147.9
HEATHCOTE,159.7
MITTYACK,188.5
PUCKAPUNYAL,149.8
NARING,179.6
WARTOOK,115.8
GREENVALE,139.5
KALPIENUNG,159.5
MAROONA,122.5
NOOJEE,152.2
COCHRANES CREEK,148.0
WARRENBAYNE,175.9
SPEED,178.1
MUDGEGONGA,159.6
BUFFALO RIVER,159.6
MAJOR PLAINS,187.0
JUMBUNNA,141.9
MURPHYS CREEK,141.2
BRUTHEN,151.2
MOUNT WALLACE,132.1
LINDSAY,111.0
BROUGHTON,144.5
EDI UPPER,154.0
NARRAPORT,155.0
REEDY LAKE,164.5
DUNLUCE,138.2
SERPENTINE,157.3
BIGGARA,155.3
RHYMNEY,126.5
MCLOUGHLINS BEACH,145.3
EUROA,171.9
CORIO,133.4
GRAYTOWN,165.3
STRATHDOWNIE,113.1
WALLINGTON,134.0
BUNDING,138.0
PURDEET,99.4
KOROIT,102.0
MOUNT EGERTON,143.7
TEAL POINT,162.7
BUNG BONG,135.3
DIXIE,113.3
ECHUCA WEST,172.2
BREWSTER,133.9
TOORA,144.7
LILLICUR,143.9
MURMUNGEE,167.5
GREENDALE,138.2
CARAPOOEE,135.2
MEADOW CREEK,166.8
YULECART,97.5
WEERITE,131.0
ULLSWATER,123.4
HIGH CAMP,141.8
DREEITE SOUTH,128.3
SOUTH MELBOURNE,127.6
TONGALA,172.3
RED HILL,128.0
ABBEYARD,152.5
CROWLANDS,133.1
WHITEHEADS CREEK,154.6
WANDILIGONG,152.9
FAWCETT,161.9
DALLAS,135.3
MIDDLE TARWIN,139.1
ANCONA,159.5
GORAE,114.1
BEAZLEYS BRIDGE,140.3
KINGS PARK,129.1
CHIRNSIDE PARK,129.9
YALLOURN NORTH,146.7
POOLAIJELO,127.1
KOYUGA,179.1
TRIDA,145.5
MIRRANATWA,106.0
CARRON,147.3
POWLETT PLAINS,152.5
BUNDARA,151.7
SPRINGHURST,158.2
BORUNG,162.4
KILLAWARRA,168.0
FAIRBANK,146.7
KOORLONG,220.9
ROKEWOOD JUNCTION,135.0
JEETHO,141.1
GLEN PARK,138.5
BINGINWARRI,144.8
TOORA NORTH,150.1
CHIRRIP,150.8
JERICHO,157.0
KEALBA,129.8
GUNYAH,148.3
BARUNAH PARK,128.2
MOUNT BEST,144.6
KEILOR EAST,134.2
BUNKERS HILL,141.0
RIGGS CREEK,178.2
SUNSHINE NORTH,126.8
WINTON NORTH,173.8
KOOROOL,159.5
GLENGARRY,146.4
CROOKAYAN,159.4
EARLSTON,182.0
SHELFORD,136.3
BUNGULUKE,156.6
MARONG,151.0
COLAC EAST,139.7
ST JAMES,180.2
MOOLORT,147.7
WELSHPOOL,141.4
THE GURDIES,140.3
MIRBOO NORTH,152.5
FOSTER NORTH,153.0
HUNTERSTON,145.7
PORT FRANKLIN,138.9
CALDER PARK,135.3
KEILOR NORTH,132.0
LEDCOURT,120.8
GARFIELD NORTH,143.3
ENSAY,158.3
LOCKINGTON,172.7
BEENAK,139.0
NUNNIONG,154.7
NIDDRIE,132.0
PITTONG,142.6
DONALD,144.6
CONDAH SWAMP,98.1
BYADUK,104.1
WALHALLA EAST,153.5
GILDEROY,150.9
BAHGALLAH,108.2
POWELLTOWN,147.7
TOL TOL,209.5
LAKE POWELL,198.0
BOUNDARY BEND,191.9
YAMBUK,110.0
LIMESTONE,154.2
MOYHU,168.0
STRATHEWEN,139.0
MURCHISON EAST,169.2
KELVIN VIEW,182.7
REEDY FLAT,142.9
TAMLEUGH,189.0
STAUGHTON VALE,132.8
NARRUNG,194.9
NATYA,186.1
PIANGIL,191.2
NYAH,176.6
VINIFERA,175.0
BEVERFORD,175.3
SPEEWA,176.9
TYNTYNDER,179.6
MURRAYDALE,170.1
MURRABIT WEST,165.9
GONN CROSSING,162.3
MURRABIT,175.3
KOONDROOK,174.6
COHUNA,168.5
BURKES BRIDGE,160.9
HALLS GAP,119.3
DEREEL,133.4
BENAYEO,125.3
BUNYIP NORTH,140.1
ALVIE,125.8
NATTE YALLOCK,146.8
BOLTON,195.2
GAINSBOROUGH,153.0
FLAGGY CREEK,148.2
DELEGATE RIVER,157.5
TOOAN,115.6
DRUNG,120.9
MEERING WEST,163.5
TIMMERING,172.6
DUNOLLY,144.7
INDIGO VALLEY,164.8
EASTWOOD,148.6
KEW,138.5
TUBBUT,149.1
GRANITE FLAT,162.2
REDBANK,142.4
WALLALOO EAST,135.2
CHILDERS,153.8
DEDDICK VALLEY,149.6
BONANG,153.8
KOALLAH,118.2
POWERS CREEK,121.8
BRIDGEWATER,147.7
CANNIE,161.9
CLUNES,149.9
ADA,147.5
BAYSWATER NORTH,140.5
WEATHERBOARD,137.6
BURNSIDE HEIGHTS,132.3
DOUBLE BRIDGES,147.7
GOONGERAH,161.2
TAWONGA,163.6
MORTON PLAINS,150.7
MOROKA,157.5
DELACOMBE,141.3
MIOWERA,157.6
NAP NAP MARRA,149.3
TARNOOK,185.6
BLOWHARD,133.7
CRAIGIE,137.5
HEATHMERE,107.6
GOROKE,127.6
LAWLOIT,138.8
WANALTA,161.5
BURRAMBOOT,179.9
GATEWAY ISLAND,169.1
CARAPOOK,102.5
WEST WODONGA,165.8
BANDIANA,157.5
BARNAWARTHA NORTH,171.6
BARNAWARTHA,171.5
RUTHERGLEN,167.2
WAHGUNYAH,167.6
GOORAMADDA,168.1
BROWNS PLAINS,160.5
YARRAWONGA,184.1
BURRAMINE,177.8
COBRAM EAST,176.2
COBRAM,177.8
KOONOOMOO,181.9
MYWEE,179.9
ULUPNA,175.9
SUTTON GRANGE,157.8
EPPALOCK,154.2
CORAGULAC,127.2
MINGAY,127.3
GRASSMERE,114.6
BROWN HILL,144.5
DUTSON,152.3
VITE VITE,124.1
WOORARRA EAST,153.0
WONYIP,154.1
MALMSBURY,135.9
HUNTLY NORTH,158.7
HIAWATHA,153.8
ALBERTON,153.0
WOOROONOOK,154.6
WY YUNG,151.6
KNOWSLEY,153.6
HEDLEY,145.7
WOOREEN,146.9
WEMEN,204.9
YIELIMA,179.9
BARMAH,172.8
LOWER MOIRA,172.5
ECHUCA VILLAGE,176.7
ECHUCA,176.1
WHARPARILLA,177.1
TORRUMBARRY,171.3
LEOPOLD,133.5
BULLUMWAAL,153.2
POMPAPIEL,154.4
KEILOR LODGE,137.1
WYCHEPROOF SOUTH,161.8
INGLEWOOD,149.6
WOMBELANO,121.7
MACORNA,167.7
BRIGHT,157.4
BEALIBA,143.9
BULART,91.3
WONNANGATTA,160.1
GLENALADALE,158.9
MAGPIE,137.1
CALLAWADDA,138.0
SAILORS GULLY,156.1
WARRENMANG,139.5
SANDY CREEK,159.4
CATANI,138.5
POOWONG EAST,138.0
ORBOST,145.3
MODELLA,143.2
DRIFFIELD,145.4
LAKE FYANS,120.3
WALLINDUC,125.9
WILLOWVALE,129.0
REEDY DAM,154.2
WOODLEIGH,146.6
COCKATOO,141.5
PATHO,160.1
TARRANYURK,153.4
ANTWERP,149.4
HARCOURT NORTH,142.5
CARAG CARAG,173.3
COROP,171.2
MOUNT HELEN,147.7
COLBINABBIN,166.7
ALBERTON WEST,152.6
WALMER,152.2
WARRENHEIP,141.6
CRANBOURNE NORTH,135.3
SUNBURY,131.4
METCALFE,150.0
EDDINGTON,155.7
BELLARINE,133.0
BRIAGOLONG,142.1
BAMAWM,176.1
FORREST,126.3
LYONS,104.4
RIDDELLS CREEK,138.7
STRATFORD,152.9
TOOLONDO,111.9
KEVINGTON,153.8
KNOCKWOOD,152.5
ENOCHS POINT,147.9
MUNRO,148.4
CLEAR LAKE,116.5
BURRUMBEET,149.4
AXEDALE,157.4
KINGLAKE,152.7
TARCOMBE,161.4
COLAC COLAC,160.4
LONGWOOD EAST,173.3
NERRINA,141.4
CARBOOR,156.5
CLARKEFIELD,132.1
ST HELENS PLAINS,129.3
LYSTERFIELD SOUTH,138.9
WESTBURY,150.0
WHOROULY,166.2
MARKWOOD,166.9
EAST BENDIGO,154.4
ERRINUNDRA,151.3
CLUB TERRACE,156.7
BOBINAWARRAH,160.8
MUMBANNAR,123.4
BUNYIP,148.5
LONGWARRY NORTH,137.1
LABERTOUCHE,143.7
POMONAL,119.6
CALROSSIE,143.4
MARAMINGO CREEK,147.5
WHITE HILLS,154.3
BLAMPIED,137.3
CASTELLA,144.3
CUDGEWA,159.8
NARIEL VALLEY,165.6
ADELAIDE LEAD,145.9
NULLAWIL,169.6
DUMOSA,166.8
FRESHWATER CREEK,136.6
LEXTON,138.7
BURNBANK,132.5
GNARWARRE,133.2
MURGHEBOLUC,136.2
INVERLEIGH,138.2
HARCOURT,149.7
NARRACAN,155.2
TERRAPPEE,152.9
GONG GONG,136.7
NEEREMAN,147.3
RAVENSWOOD SOUTH,154.1
BARRABOOL,131.3
LINDSAY POINT,202.2
MURRAY-SUNSET,213.4
NEDS CORNER,202.2
CULLULLERAINE,220.2
WARGAN,217.1
YELTA,223.5
MERBEIN,226.9
NICHOLS POINT,229.0
RED CLIFFS,217.1
THOWGLA VALLEY,150.6
MYSIA,157.5
PORT FAIRY,107.8
IRAAK,216.2
NANGILOC,220.7
COLIGNAN,216.1
CANN RIVER,152.4
BUCKRABANYULE,156.4
SNAKE ISLAND,154.4
HIGHLANDS,154.0
MOUNT CLEAR,139.0
JUNORTOUN,148.5
KEILOR PARK,132.8
TIMOR,137.0
ROSS CREEK,135.8
TEDDYWADDY WEST,154.6
METCALFE EAST,146.8
HEIDELBERG HEIGHTS,140.0
IVANHOE,132.2
WARBURTON,154.6
FERNBANK,151.3
HUNTLY,155.4
MYERS FLAT,152.2
BAMAWM EXTENSION,177.4
GELLIBRAND,120.0
FIERY FLAT,158.5
BRIGHTON,132.3
OAKLANDS JUNCTION,135.3
BOLINDA,135.7
WABONGA,161.9
ELLERSLIE,111.8
MARLBED,164.2
HARRIETVILLE,150.0
WRATHUNG,158.7
KUNAT,171.5
PYALONG,160.5
COGHILLS CREEK,136.5
WILKUR,157.0
STRATHKELLAR,98.1
HAMILTON,88.5
MITRE,127.8
BOOLITE,148.5
MINYIP,144.4
SOUTHBANK,124.4
DENVER,142.0
CAMPBELLS BRIDGE,128.0
CHATSWORTH,114.9
NEWBRIDGE,160.4
BOIGBEAT,185.0
WANDOWN,190.2
DALYENONG,138.2
STUART MILL,134.4
JUNG,132.6
BINDI,153.0
ARBUCKLE,161.6
GLENHOPE,143.7
KYABRAM,169.2
STREATHAM,123.4
ILLABAROOK,127.2
TAMLEUGH NORTH,177.0
BO PEEP,136.8
OZENKADNOOK,126.1
DURHAM OX,161.8
BARRAPORT,164.2
WHROO,167.3
NAGAMBIE,165.5
LAKE CHARM,159.7
TUROAR,176.0
REDCASTLE,163.0
LAEN,144.7
RICH AVON WEST,140.0
IVANHOE EAST,133.3
KEW EAST,137.0
PINE GROVE,171.1
KAARIMBA,182.3
BURWOOD,134.9
ALMONDS,164.1
MOUNTAIN VIEW,135.0
STOCKDALE,144.7
WOODS POINT,153.4
SLATY CREEK,142.0
STAWELL,128.6
BYAWATHA,157.9
GRINGEGALGONA,97.3
BOORHAMAN,167.0
HOWQUA HILLS,154.2
LAKE WELLINGTON,153.3
BURAGWONDUC,155.2
FARADAY,148.3
GLENAROUA,152.9
COORIEMUNGLE,122.9
STOCKYARD HILL,137.1
CHESHUNT SOUTH,155.0
WINDERMERE,132.5
TARRINGTON,108.7
KORUMBURRA SOUTH,148.2
AMHERST,141.4
EASTVILLE,158.7
BARINGHUP WEST,145.7
JEFFCOTT NORTH,148.3
LOCH,138.0
SWANWATER WEST,136.1
YUULONG,130.4
SUNSHINE,124.8
TULLAMARINE,138.3
KENNINGTON,154.1
AREEGRA,151.1
SMOKEYTOWN,148.8
CHARLEROI,166.3
JARVIS CREEK,154.2
MOLLONGGHIP,136.0
MITTA MITTA,153.6
ESKDALE,157.5
EYNESBURY,137.0
WALKERVILLE SOUTH,149.8
TARWIN LOWER,136.6
WALKERVILLE,140.9
MAFFRA WEST UPPER,150.5
WODONGA,160.2
SUNSHINE WEST,138.0
GRAND RIDGE,151.4
QUEENSFERRY,138.8
GRANTVILLE,136.6
TAYLORS HILL,131.9
DELAHEY,145.1
TIMBARRA,147.0
HADFIELD,132.6
NALINGA,187.6
ELIZABETH ISLAND,133.9
ELMORE,163.4
GOWANGARDIE,178.9
STRATHBOGIE,176.3
MOORABBIN AIRPORT,123.4
SHEEP HILLS,144.5
HEALESVILLE,139.2
CAMBARVILLE,143.8
CHERRYPOOL,108.6
CHARAM,111.2
PERRY BRIDGE,155.6
YACKANDANDAH,164.7
GYMBOWEN,123.5
TONGIO,155.3
HENSLEY PARK,97.9
MONOMAK,149.2
CORNDALE,109.9
CONCONGELLA,123.6
TOONGABBIE,153.2
TOOLLEEN,164.7
KANCOONA,158.8
WILD DOG VALLEY,145.3
RUBY,143.5
MEENIYAN,149.8
MARDAN,145.1
MININERA,117.9
BROADMEADOWS,126.2
DRUMMOND NORTH,139.2
POUND CREEK,147.0
GORMANDALE,149.5
WILLOWMAVIN,141.7
NEERIM EAST,153.5
BOOLE POOLE,142.2
SCOTTS CREEK,125.3
KERGUNYAH,150.0
MEERLIEU,147.7
CANIAMBO,185.3
KANAGULK,105.1
ROSE RIVER,162.8
PORTLAND,100.9
STRATHDALE,151.4
LEARMONTH,140.1
ADDINGTON,134.6
SEDGWICK,151.3
YALLOURN,139.2
YALCA,175.1
BEARII,170.7
STRATHFIELDSAYE,166.5
KIATA,130.7
ROWSLEY,142.5
MADDINGLEY,129.8
WATERWAYS,125.8
STEIGLITZ,139.8
BRAESIDE,128.0
HEPBURN,149.5
TESBURY,125.1
HEPBURN SPRINGS,143.9
MACS COVE,158.7
BRUNSWICK EAST,124.1
TYNONG,146.3
BEVERIDGE,136.9
DEVON NORTH,140.2
NINTINGBOOL,137.4
MACKS CREEK,148.2
TANDARRA,157.3
FLORA HILL,153.5
LAKE TYRRELL,187.6
INVERGORDON,179.9
BETHANGA,162.5
BELLBRIDGE,161.8
TALLANGATTA EAST,156.0
BOLWARRA,105.9
NOORAT,122.8
ALLESTREE,106.2
LARPENT,129.8
NARRAWONG,100.6
YARRAM,159.2
LORNE,134.3
CLONBINANE,137.2
FLOWERDALE,138.4
TARRA VALLEY,148.2
SPRING GULLY,155.0
LITTLE RIVER,133.8
GISBORNE,135.0
WINGEEL,137.1
STEWARTON,183.5
EVERTON UPPER,162.6
JOHANNA,130.7
CHAPPLE VALE,139.4
LAVERS HILL,137.1
GLENAIRE,127.8
WONGARRA,142.8
COLAC,128.7
PITFIELD,137.0
HESSE,142.6
OUTTRIM,134.2
EPPING,132.8
JINDIVICK,149.4
MANNIBADAR,135.1
SMYTHESDALE,141.3
CARISBROOK,160.7
FERN HILL,137.4
YEUNGROON,146.0
CAPE CLEAR,136.5
LARA,137.7
LAVERTON NORTH,125.6
MOUNT COTTRELL,133.2
TOOLERN VALE,137.0
TRUGANINA,142.5
PLUMPTON,133.4
RYANSTON,140.2
WALPA,149.1
IGUANA CREEK,157.8
KONGWAK,145.4
FYANSFORD,138.6
MAUDE,138.3
SHE OAKS,133.5
STRATHTULLOH,137.7
BROOKFIELD,130.2
MELTON WEST,134.9
HARKNESS,133.3
THORNHILL PARK,130.3
NAR NAR GOON,148.1
DROUIN WEST,138.5
SANDRINGHAM,127.8
TYENNA,185.9
WURDIBOLUC,132.9
WILLIAMSTOWN,129.8
CHELTENHAM,136.5
GLEN IRIS,133.9
WANTIRNA SOUTH,133.9
PRESTON,142.5
MILL PARK,131.4
TEMPLESTOWE LOWER,136.8
TEMPLESTOWE,135.9
DIAMOND CREEK,132.9
CREMORNE,132.4
WATTLE GLEN,133.7
SOUTH MORANG,131.8
DEVON MEADOWS,133.5
MACEDON,133.4
SHEPPARTON,184.3
BROKEN CREEK,173.9
FLAGSTAFF,146.9
CERES,135.2
DERRIMUT,136.6
BRUNSWICK WEST,126.6
BRUNSWICK,123.7
MELTON SOUTH,131.2
WEIR VIEWS,131.5
COBBLEBANK,133.6
LONG FOREST,139.4
KURUNJANG,134.1
FIELDSTONE,133.0
ROCKBANK,132.6
AINTREE,131.3
KEILOR DOWNS,132.2
SPRINGVALE,137.1
TAYLORS LAKES,132.4
COBURG,135.5
BEAUMARIS,129.1
HAMPTON,130.8
SCORESBY,132.9
HAWTHORN EAST,126.1
NORTHCOTE,132.8
FAIRFIELD,122.1
SUGARLOAF,129.7
TYLDEN,136.1
MOUNT MACEDON,137.4
TINAMBA,150.5
JACKASS FLAT,156.5
DINGEE,151.7
TALLANGATTA SOUTH,165.3
TINAMBA WEST,153.8
NEWRY,148.3
MAFFRA,153.1
KIALLA,192.5
TALGARNO,159.3
SEPARATION CREEK,143.6
KADNOOK,114.8
CONNEWIRRICOO,111.2
TERANG,111.5
UPOTIPOTPON,173.6
GOOMALIBEE,173.8
TARRAWINGEE,165.0
EVERTON,174.8
TOWER HILL,115.0
SCARSDALE,137.4
DOOBOOBETIC,153.7
CHARLTON,154.3
NINDA,190.9
HIGHTON,138.4
SEA LAKE,172.4
MARUNGI,187.6
DUTTON WAY,104.9
COLAC WEST,131.3
ESSENDON,135.1
OAK PARK,131.5
NOBLE PARK,133.8
SOUTH YARRA,128.0
CRANBOURNE EAST,141.7
CLYDE NORTH,144.0
DONNYBROOK,143.5
GOLDEN SQUARE,157.6
SEDDON,121.0
PARAPARAP,139.2
WUK WUK,153.9
FORGE CREEK,145.7
METUNG,152.4
PRAIRIE,165.5
CALIVIL,160.3
TAHARA WEST,94.7
GRASSDALE,96.0
TEMPY,184.4
CULLA,98.2
GREAT WESTERN,115.7
UPPER PLENTY,139.6
FISH CREEK,156.9
FOSTER,147.9
ROSEDALE,160.6
COBBANNAH,153.6
KIRWANS BRIDGE,174.2
GOULBURN WEIR,181.3
RYANS,152.1
KILSYTH,142.9
CROYDON,134.9
NEWLYN,144.1
EDEN PARK,139.7
KOTUPNA,180.2
PICOLA,180.8
GREENWALD,103.6
WINNAP,109.4
MERINO,104.1
GERANGAMETE,125.2
BALLIANG EAST,132.3
CORA LYNN,138.0
HARKAWAY,135.5
GREENSBOROUGH,134.5
LYAL,156.5
MITIAMO,161.1
BLACK RANGE,113.4
NANDALY,186.5
MILDURA,218.8
IRYMPLE,222.0
TORQUAY,135.8
CONNEWARRE,137.3
BULLENGAROOK,142.4
MYRTLE CREEK,156.2
REDESDALE,154.0
KIMBOLTON,156.0
MYOLA,167.3
LARDNER,138.2
TAYLOR BAY,153.0
ASHBOURNE,135.6
MIRIMBAH,162.4
CREEK VIEW,162.6
BREAMLEA,142.8
WARNEET,130.3
GUYS HILL,150.3
TOOLANGI,145.5
DEVILS RIVER,151.0
PRAHRAN,132.6
JARRAHMOND,148.7
MONT ALBERT NORTH,130.5
BALWYN NORTH,131.7
BOX HILL NORTH,131.5
DONCASTER,132.4
MITCHAM,127.2
KITHBROOK,172.8
BETE BOLONG,148.5
WILLOW GROVE,148.6
TANJIL SOUTH,154.6
TAMINICK,176.8
WANGARATTA SOUTH,163.6
LAUNCHING PLACE,143.6
YARRA JUNCTION,148.2
MIRAM,152.6
NEWMERELLA,149.8
NARRE WARREN NORTH,142.2
NARRE WARREN,131.9
NEWFIELD,118.2
BOOSEY,174.2
ANAKIE,139.9
PORTSEA,140.1
MERRICKS,140.6
OFFICER SOUTH,142.2
RINGWOOD,131.9
CASHMORE,106.7
PORTLAND WEST,103.5
BONEGILLA,152.4
CLAYTON,137.6
MULGRAVE,136.2
LAKE EILDON,161.4
MOUNTAIN BAY,171.3
MOUNT BURNETT,137.8
GEMBROOK,145.6
RUFFY,166.8
PORTLAND NORTH,106.8
PORT CAMPBELL,122.9
HESKET,150.4
BOORCAN,124.4
ROBINVALE,209.1
FLINDERS,134.2
SHOREHAM,130.6
ROMSEY,141.1
CREIGHTONS CREEK,166.0
OVENS,155.6
MYRTLEBANK,149.9
EUROBIN,164.6
BUNDALAGUAH,155.7
ROCHFORD,147.5
CARLYLE,168.4
MURTOA,130.3
VIOLET TOWN,171.8
TOSTAREE,149.6
MERRICKS BEACH,132.8
BALNARRING BEACH,132.0
BALLYROGAN,132.8
MERTON,174.9
WANTIRNA,143.9
BACCHUS MARSH,144.2
PAKENHAM UPPER,136.7
LAKE TYERS,151.5
IRREWARRA,135.9
ONDIT,136.3
SMYTHES CREEK,139.8
KATUNGA,180.4
RINGWOOD EAST,135.3
OLD TALLANGATTA,159.6
TOORLOO ARM,147.0
DEANSIDE,127.2
GRANGEFIELDS,135.7
MELTON,136.7
BONNIE BROOK,134.8
NOWA NOWA,152.8
SYDENHAM,135.1
TANDAROOK,122.8
MOUNT DUNEED,135.9
ARMSTRONG CREEK,128.9
GISBORNE SOUTH,130.3
POINT LEO,127.1
FRASER RISE,135.7
CAROLINE SPRINGS,138.2
KEILOR,137.8
MELBOURNE AIRPORT,126.1
BULLA,135.6
SOMERS,135.9
HMAS CERBERUS,137.6
GLEN ALVIE,154.0
