Lon,Lat,Density,Intensity
145.22222222222223,-36.77777777777778,0.07428794832955017,0.05226429311030109
145.3080808080808,-36.77777777777778,0.0749126503538768,0.0527037938697132
144.96464646464648,-36.72222222222222,0.08030909347864451,0.05650038930097697
145.05050505050505,-36.72222222222222,0.10218460074763146,0.07189061005079504
145.13636363636363,-36.72222222222222,0.12245982846111923,0.08615497550876948
145.22222222222223,-36.72222222222222,0.1340552313126372,0.09431276620013915
145.3080808080808,-36.72222222222222,0.1318332189694935,0.09274949911566409
145.3939393939394,-36.72222222222222,0.11658952242758112,0.08202500016171896
145.47979797979798,-36.72222222222222,0.09461896750212274,0.06656790990360281
145.56565656565655,-36.72222222222222,0.07336481307059495,0.05161483363754166
144.7070707070707,-36.666666666666664,0.0734497023306754,0.05167455634183657
144.7929292929293,-36.666666666666664,0.09421002417263208,0.06628020329009951
144.87878787878788,-36.666666666666664,0.12384061560505567,0.08712640984820624
144.96464646464648,-36.666666666666664,0.16052285161210592,0.11293370669410803
145.05050505050505,-36.666666666666664,0.19923799294365316,0.14017122690913117
145.13636363636363,-36.666666666666664,0.2308457721729921,0.16240845751455285
145.22222222222223,-36.666666666666664,0.24420687295503501,0.17180848138452412
145.3080808080808,-36.666666666666664,0.232389920221065,0.16349482223460365
145.3939393939394,-36.666666666666664,0.19828777360285768,0.1395027127926004
145.47979797979798,-36.666666666666664,0.15355450855460548,0.1080312220752743
145.56565656565655,-36.666666666666664,0.11148040344976705,0.0784305477936535
145.65151515151516,-36.666666666666664,0.08049696531561627,0.05663256402077277
144.36363636363637,-36.611111111111114,0.07428403934191827,0.052261542994300414
144.44949494949495,-36.611111111111114,0.08184450315585799,0.05758060625700721
144.53535353535352,-36.611111111111114,0.09171456504478548,0.06452455637515206
144.62121212121212,-36.611111111111114,0.10834614635265034,0.07622548310563614
144.7070707070707,-36.611111111111114,0.13673660890099462,0.09619921356298225
144.7929292929293,-36.611111111111114,0.1803112106240181,0.12685554218460376
144.87878787878788,-36.611111111111114,0.23854024180908134,0.16782179878230347
144.96464646464648,-36.611111111111114,0.3053735644607575,0.21484148963588823
145.05050505050505,-36.611111111111114,0.36909718677218073,0.25967339237952014
145.13636363636363,-36.611111111111114,0.4138375044780173,0.29114984489982354
145.22222222222223,-36.611111111111114,0.42411218184851696,0.2983784568319149
145.3080808080808,-36.611111111111114,0.39278052050268314,0.27633548527282586
145.3939393939394,-36.611111111111114,0.32715103535982326,0.23016273820800798
145.47979797979798,-36.611111111111114,0.2463178121593412,0.17329360444677994
145.56565656565655,-36.611111111111114,0.17093026100648284,0.12025570046749443
145.65151515151516,-36.611111111111114,0.11413753995366649,0.08029994066553389
145.73737373737373,-36.611111111111114,0.07927503299104005,0.0557728898662343
144.1919191919192,-36.55555555555556,0.08082121200392679,0.0568606834444339
144.27777777777777,-36.55555555555556,0.09541141439211308,0.06712542532116518
144.36363636363637,-36.55555555555556,0.1106735559522596,0.07786290102115179
144.44949494949495,-36.55555555555556,0.1288357173059614,0.09064064688506428
144.53535353535352,-36.55555555555556,0.15353832778252424,0.10801983830934966
144.62121212121212,-36.55555555555556,0.18997585511574627,0.1336549736385697
144.7070707070707,-36.55555555555556,0.24447179878210676,0.17199486640914674
144.7929292929293,-36.55555555555556,0.3217443851431642,0.22635896171367265
144.87878787878788,-36.55555555555556,0.41968505848971766,0.2952638133660149
144.96464646464648,-36.55555555555556,0.5256603910988608,0.36982134215083823
145.05050505050505,-36.55555555555556,0.6182803652709191,0.43498288701573307
145.13636363636363,-36.55555555555556,0.67361211437669,0.4739107995317841
145.22222222222223,-36.55555555555556,0.6731518359198526,0.4735869767755843
145.3080808080808,-36.55555555555556,0.6121563290071231,0.43067440315655736
145.3939393939394,-36.55555555555556,0.5041585533757578,0.3546940116155383
145.47979797979798,-36.55555555555556,0.3760777432390587,0.2645844695792763
145.56565656565655,-36.55555555555556,0.2559340072990177,0.18005895000668673
145.65151515151516,-36.55555555555556,0.162293424706929,0.11417936972938986
145.73737373737373,-36.55555555555556,0.10105104953867378,0.07109311524884297
144.1060606060606,-36.5,0.08550411162244913,0.060155274879141934
144.1919191919192,-36.5,0.10742839841057274,0.07557981380765877
144.27777777777777,-36.5,0.1320776926296709,0.09292149529163303
144.36363636363637,-36.5,0.16216054651459982,0.11408588505323415
144.44949494949495,-36.5,0.20076632547448472,0.14124646483341796
144.53535353535352,-36.5,0.25074786106588076,0.17641030614268952
144.62121212121212,-36.5,0.3158812977180775,0.22223406492211376
144.7070707070707,-36.5,0.40257006876560314,0.2832227911055428
144.7929292929293,-36.5,0.5169523355795763,0.36369490608261235
144.87878787878788,-36.5,0.6557574780788851,0.4613494088105505
144.96464646464648,-36.5,0.7993141460749407,0.5623467837925641
145.05050505050505,-36.5,0.91579385526917,0.6442945263217283
145.13636363636363,-36.5,0.9738562114495123,0.6851435209476442
145.22222222222223,-36.5,0.9544801269220385,0.6715117356601908
145.3080808080808,-36.5,0.857810982222367,0.6035014509920379
145.3939393939394,-36.5,0.7039033657844096,0.49522180458509146
145.47979797979798,-36.5,0.5256711032379067,0.3698288785330849
145.56565656565655,-36.5,0.35668270538285846,0.2509393499307287
145.65151515151516,-36.5,0.22076986215003994,0.15531968569309285
145.73737373737373,-36.5,0.12758860234703376,0.08976325582472039
145.82323232323233,-36.5,0.07381855838539841,0.051934060088985885
144.02020202020202,-36.44444444444444,0.07674969003702943,0.05399621858481807
144.1060606060606,-36.44444444444444,0.10237199134778555,0.07202244620286
144.1919191919192,-36.44444444444444,0.13336794420406012,0.09382923454121844
144.27777777777777,-36.44444444444444,0.17355645160238048,0.12210332175942494
144.36363636363637,-36.44444444444444,0.22723060776587287,0.15986505691641775
144.44949494949495,-36.44444444444444,0.29637608470015975,0.20851143301114727
144.53535353535352,-36.44444444444444,0.37975700876206786,0.2671729676607166
144.62121212121212,-36.44444444444444,0.4766389562741271,0.33533296690319037
144.7070707070707,-36.44444444444444,0.5921670219734587,0.41661119337124053
144.7929292929293,-36.44444444444444,0.73465276413879,0.5168551327991038
144.87878787878788,-36.44444444444444,0.9015928504274262,0.63430359917676
144.96464646464648,-36.44444444444444,1.0683134023094,0.7515976150569185
145.05050505050505,-36.44444444444444,1.1945000612385277,0.8403745523284266
145.13636363636363,-36.44444444444444,1.243787199458143,0.8750498596481368
145.22222222222223,-36.44444444444444,1.19936141512033,0.8437946928748354
145.3080808080808,-36.44444444444444,1.0678955575748057,0.751303645978831
145.3939393939394,-36.44444444444444,0.8750105857845402,0.6156020021873227
145.47979797979798,-36.44444444444444,0.6563779255865635,0.46178591636164085
145.56565656565655,-36.44444444444444,0.44760421147925883,0.31490596028281553
145.65151515151516,-36.44444444444444,0.27575958099612713,0.1940069673915394
145.73737373737373,-36.44444444444444,0.1540151162512106,0.10835527646371208
145.82323232323233,-36.44444444444444,0.08074427612194399,0.056806556232994285
144.02020202020202,-36.388888888888886,0.08461257224923853,0.05952804426948572
144.1060606060606,-36.388888888888886,0.11358785827821492,0.07991321946984657
144.1919191919192,-36.388888888888886,0.15394124041983115,0.10830330210997366
144.27777777777777,-36.388888888888886,0.21252692736745787,0.14952047910234362
144.36363636363637,-36.388888888888886,0.29421508441286975,0.20699109014307748
144.44949494949495,-36.388888888888886,0.39726173217311384,0.27948818184742663
144.53535353535352,-36.388888888888886,0.5132640703817043,0.36110007640021247
144.62121212121212,-36.388888888888886,0.6350715623248775,0.4467961092709481
144.7070707070707,-36.388888888888886,0.7664496754642187,0.539225424762779
144.7929292929293,-36.388888888888886,0.9190326209642238,0.6465731166369564
144.87878787878788,-36.388888888888886,1.0930383066517455,0.768992491032494
144.96464646464648,-36.388888888888886,1.2615565846643024,0.8875512731033142
145.05050505050505,-36.388888888888886,1.379196630925422,0.9703153552667576
145.13636363636363,-36.388888888888886,1.4080241098572215,0.9905965427594977
145.22222222222223,-36.388888888888886,1.336176398407959,0.9400490456899778
145.3080808080808,-36.388888888888886,1.1779818518903886,0.8287533869248715
145.3939393939394,-36.388888888888886,0.9633388205926648,0.6777441511863551
145.47979797979798,-36.388888888888886,0.726973353287393,0.5114523859380468
145.56565656565655,-36.388888888888886,0.5015267714911793,0.35284245664718994
145.65151515151516,-36.388888888888886,0.3128109958208541,0.2200739950601525
145.73737373737373,-36.388888888888886,0.17517739866870918,0.12324371740226957
145.82323232323233,-36.388888888888886,0.08901106890453207,0.06262254780076036
144.02020202020202,-36.333333333333336,0.08762436925358084,0.06164695379604024
144.1060606060606,-36.333333333333336,0.11697804603856723,0.0822983407551995
144.1919191919192,-36.333333333333336,0.16376618462424372,0.11521551028422358
144.27777777777777,-36.333333333333336,0.2372791589668583,0.16693458080436263
144.36363636363637,-36.333333333333336,0.34159769528816925,0.2403264927057153
144.44949494949495,-36.333333333333336,0.4697543796663086,0.33048941505040325
144.53535353535352,-36.333333333333336,0.6057817456059145,0.4261896502076823
144.62121212121212,-36.333333333333336,0.7372278786883895,0.5186668202213466
144.7070707070707,-36.333333333333336,0.8678355696246663,0.6105541154697187
144.7929292929293,-36.333333333333336,1.0127781786085583,0.7125265507091583
144.87878787878788,-36.333333333333336,1.1747849513531463,0.8265042502818496
144.96464646464648,-36.333333333333336,1.3261466402711344,0.932992743411134
145.05050505050505,-36.333333333333336,1.4200829400655537,0.9990803715735576
145.13636363636363,-36.333333333333336,1.4213900907981152,1.0
145.22222222222223,-36.333333333333336,1.3260590075614747,0.9329310905895567
145.3080808080808,-36.333333333333336,1.1566553309546892,0.8137493981720553
145.3939393939394,-36.333333333333336,0.9455103450980593,0.6652011655485456
145.47979797979798,-36.333333333333336,0.7222385572616352,0.5081212834796787
145.56565656565655,-36.333333333333336,0.5106656381308297,0.3592719841209032
145.65151515151516,-36.333333333333336,0.3296978148215145,0.2319544908578813
145.73737373737373,-36.333333333333336,0.19190812367564375,0.1350143953570738
145.82323232323233,-36.333333333333336,0.10041655355529448,0.07064672408044596
144.02020202020202,-36.27777777777778,0.08595930685022461,0.060475521397478
144.1060606060606,-36.27777777777778,0.11212474343676572,0.07888386457922139
144.1919191919192,-36.27777777777778,0.15901169926129066,0.11187055565584046
144.27777777777777,-36.27777777777778,0.23682933074157148,0.1666181101688918
144.36363636363637,-36.27777777777778,0.34809319782486825,0.24489631669615256
144.44949494949495,-36.27777777777778,0.4816731318853858,0.3388746938674131
144.53535353535352,-36.27777777777778,0.6172110986953779,0.4342306188083891
144.62121212121212,-36.27777777777778,0.7406288134334843,0.5210595024041703
144.7070707070707,-36.27777777777778,0.8570521806030666,0.6029676062549648
144.7929292929293,-36.27777777777778,0.9833401795747065,0.6918158399588658
144.87878787878788,-36.27777777777778,1.122236564405074,0.7895345350092701
144.96464646464648,-36.27777777777778,1.2457916908122308,0.8764600927481595
145.05050505050505,-36.27777777777778,1.3099674340673848,0.9216100791386789
145.13636363636363,-36.27777777777778,1.2868386001136332,0.9053380971518304
145.22222222222223,-36.27777777777778,1.1819597348898618,0.8315519733405399
145.3080808080808,-36.27777777777778,1.0244438405707275,0.7207337712587393
145.3939393939394,-36.27777777777778,0.8453456545309697,0.5947316363070361
145.47979797979798,-36.27777777777778,0.6646600369023918,0.4676126850787197
145.56565656565655,-36.27777777777778,0.4927701957963598,0.3466818848579898
145.65151515151516,-36.27777777777778,0.3381058784368973,0.2378698716318261
145.73737373737373,-36.27777777777778,0.21046434840904246,0.14806937924469843
145.82323232323233,-36.27777777777778,0.11750043439232596,0.08266586009921392
143.93434343434345,-36.22222222222222,0.07140594903069374,0.05023670102455763
144.02020202020202,-36.22222222222222,0.08201572525098676,0.05770106727347076
144.1060606060606,-36.22222222222222,0.10197663852561722,0.07174430100913184
144.1919191919192,-36.22222222222222,0.1412021737475095,0.0993409020237534
144.27777777777777,-36.22222222222222,0.20926100612471268,0.14722278386449983
144.36363636363637,-36.22222222222222,0.30755151712611445,0.21637375912296058
144.44949494949495,-36.22222222222222,0.4240725161855601,0.29835055058491505
144.53535353535352,-36.22222222222222,0.5391360125274471,0.37930193549099567
144.62121212121212,-36.22222222222222,0.6408307962690971,0.45084794133415446
144.7070707070707,-36.22222222222222,0.7355645125780963,0.5174965812270961
144.7929292929293,-36.22222222222222,0.8386503612135083,0.5900212521832084
144.87878787878788,-36.22222222222222,0.9505240947924755,0.6687285221319877
144.96464646464648,-36.22222222222222,1.044800247447609,0.7350552492320741
145.05050505050505,-36.22222222222222,1.0848026693896253,0.7631984185147267
145.13636363636363,-36.22222222222222,1.0527447335703093,0.7406444862572453
145.22222222222223,-36.22222222222222,0.9618152570264135,0.6766722684033565
145.3080808080808,-36.22222222222222,0.8421717207462877,0.592498657615803
145.3939393939394,-36.22222222222222,0.7180493849240474,0.505174047274285
145.47979797979798,-36.22222222222222,0.5966691130518712,0.41977857937425156
145.56565656565655,-36.22222222222222,0.4744383391325241,0.33378475212678976
145.65151515151516,-36.22222222222222,0.3505565865429139,0.24662940090293947
145.73737373737373,-36.22222222222222,0.23412782274001892,0.16471750032290952
145.82323232323233,-36.22222222222222,0.13934273341545714,0.09803271763152348
145.9090909090909,-36.22222222222222,0.07548713810517774,0.053107967048504935
146.42424242424244,-36.22222222222222,0.07120593578332995,0.05009598437776331
146.510101010101,-36.22222222222222,0.07200390025171942,0.05065738161386013
143.93434343434345,-36.166666666666664,0.07316955356550163,0.051477461422582936
144.02020202020202,-36.166666666666664,0.08038645766765927,0.056554817842104144
144.1060606060606,-36.166666666666664,0.09296692713335959,0.06540563898342527
144.1919191919192,-36.166666666666664,0.11871130084734198,0.08351774900913035
144.27777777777777,-36.166666666666664,0.16577267947547616,0.11662715291788354
144.36363636363637,-36.166666666666664,0.23580440430405922,0.16589703687300528
144.44949494949495,-36.166666666666664,0.31956048803097264,0.2248225100904836
144.53535353535352,-36.166666666666664,0.4021309421640638,0.28291384945442105
144.62121212121212,-36.166666666666664,0.4756016530942121,0.3346031861156146
144.7070707070707,-36.166666666666664,0.5461953907986187,0.3842684667176258
144.7929292929293,-36.166666666666664,0.6252199379777057,0.43986513063886823
144.87878787878788,-36.166666666666664,0.7108768915568529,0.5001279354337508
144.96464646464648,-36.166666666666664,0.7817343437871556,0.5499787488656328
145.05050505050505,-36.166666666666664,0.8119115850569311,0.5712095436102556
145.13636363636363,-36.166666666666664,0.7930076982420596,0.557909966712082
145.22222222222223,-36.166666666666664,0.7399812537255446,0.5206039204269692
145.3080808080808,-36.166666666666664,0.6763910808826384,0.47586590427321934
145.3939393939394,-36.166666666666664,0.6148237980510771,0.4325510653488878
145.47979797979798,-36.166666666666664,0.5500580379154112,0.38698598046828353
145.56565656565655,-36.166666666666664,0.4690538172833963,0.32999654374966203
145.65151515151516,-36.166666666666664,0.3674224428339969,0.2584951486665339
145.73737373737373,-36.166666666666664,0.2572207502243103,0.18096422079309699
145.82323232323233,-36.166666666666664,0.159581771719539,0.11227162251422008
145.9090909090909,-36.166666666666664,0.09040812772608932,0.06360542986149907
146.42424242424244,-36.166666666666664,0.07365286942599909,0.05181749183620857
146.510101010101,-36.166666666666664,0.07426689256664831,0.052249479609744014
143.93434343434345,-36.111111111111114,0.0787877680672102,0.05543008114188457
144.02020202020202,-36.111111111111114,0.08548349103375803,0.06014076753958428
144.1060606060606,-36.111111111111114,0.09182685695197634,0.06460355784555614
144.1919191919192,-36.111111111111114,0.1026432166261333,0.07221326312222902
144.27777777777777,-36.111111111111114,0.12476251829016093,0.08777500216010818
144.36363636363637,-36.111111111111114,0.16143026284101614,0.11357210373569758
144.44949494949495,-36.111111111111114,0.20826596537265316,0.14652273624315978
144.53535353535352,-36.111111111111114,0.25663220440379075,0.18055015724760748
144.62121212121212,-36.111111111111114,0.30234096654637843,0.2127079459071035
144.7070707070707,-36.111111111111114,0.35006238537349177,0.24628171227571355
144.7929292929293,-36.111111111111114,0.4068181157559306,0.28621144778594937
144.87878787878788,-36.111111111111114,0.47056933598686534,0.33106276667697826
144.96464646464648,-36.111111111111114,0.5274943441067543,0.37111159527682125
145.05050505050505,-36.111111111111114,0.5627027681688692,0.3958820114279183
145.13636363636363,-36.111111111111114,0.5732991341435839,0.4033369430777969
145.22222222222223,-36.111111111111114,0.5695915699576157,0.4007285358502733
145.3080808080808,-36.111111111111114,0.5631723534586996,0.3962123818820747
145.3939393939394,-36.111111111111114,0.5538028709693088,0.3896206077097011
145.47979797979798,-36.111111111111114,0.5276729937980676,0.37123728187930277
145.56565656565655,-36.111111111111114,0.4692977763187738,0.3301681778682315
145.65151515151516,-36.111111111111114,0.3771167290290739,0.26531543414469816
145.73737373737373,-36.111111111111114,0.26860571682204626,0.1889739618708213
145.82323232323233,-36.111111111111114,0.1698335495536907,0.11948412378359034
145.9090909090909,-36.111111111111114,0.09931111186335864,0.0698690053534812
146.42424242424244,-36.111111111111114,0.07143779252105165,0.05025910408657703
146.510101010101,-36.111111111111114,0.07132805918383862,0.05018190266388285
143.84848484848484,-36.05555555555556,0.07702821351892944,0.054192170057748075
143.93434343434345,-36.05555555555556,0.08982890882433327,0.06319792814504148
144.02020202020202,-36.05555555555556,0.09856131437255387,0.06934149535066153
144.1060606060606,-36.05555555555556,0.10121104236853572,0.07120567606581905
144.1919191919192,-36.05555555555556,0.09978058774640873,0.07019929883595967
144.27777777777777,-36.05555555555556,0.10018141813083023,0.07048129769539764
144.36363636363637,-36.05555555555556,0.10775797856663999,0.07581168552127272
144.44949494949495,-36.05555555555556,0.12310017221191463,0.08660548079577049
144.53535353535352,-36.05555555555556,0.14309590896691707,0.10067321412559464
144.62121212121212,-36.05555555555556,0.16611076995378526,0.11686501195496131
144.7070707070707,-36.05555555555556,0.19496951352475614,0.1371681952667055
144.7929292929293,-36.05555555555556,0.23371321336115597,0.16442580743610308
144.87878787878788,-36.05555555555556,0.28173445337528885,0.19821050899341364
144.96464646464648,-36.05555555555556,0.33257459531889433,0.2339784113256007
145.05050505050505,-36.05555555555556,0.37930197468791427,0.26685283451985725
145.13636363636363,-36.05555555555556,0.42030418270802006,0.29569938993455197
145.22222222222223,-36.05555555555556,0.45839990344181675,0.3225011250672387
145.3080808080808,-36.05555555555556,0.4933384685285793,0.3470816855431771
145.3939393939394,-36.05555555555556,0.5151818061322585,0.36244927375494945
145.47979797979798,-36.05555555555556,0.5066582836294702,0.3564526634240006
145.56565656565655,-36.05555555555556,0.45518724217258233,0.3202409001718826
145.65151515151516,-36.05555555555556,0.365260734042752,0.25697430733997656
145.73737373737373,-36.05555555555556,0.2592438304366544,0.18238753183588619
145.82323232323233,-36.05555555555556,0.16454606310487221,0.1157641833653695
145.9090909090909,-36.05555555555556,0.09825766454629276,0.06912786657399642
143.84848484848484,-36.0,0.08792380464447812,0.061857617563035504
143.93434343434345,-36.0,0.10545960796483912,0.07419469760452826
144.02020202020202,-36.0,0.11699162403274016,0.08230789337151562
144.1060606060606,-36.0,0.11811920798786181,0.08310118999179
144.1919191919192,-36.0,0.1087854391238261,0.0765345416631846
144.27777777777777,-36.0,0.0942170565389428,0.06628515081742241
144.36363636363637,-36.0,0.08143179492727241,0.057290250899067544
144.44949494949495,-36.0,0.07479078728850012,0.05261805873889613
144.53535353535352,-36.0,0.07505680505463642,0.052805211982652686
144.62121212121212,-36.0,0.08211174767523005,0.057768622566605934
144.7070707070707,-36.0,0.09743799684746143,0.06855120032020885
144.7929292929293,-36.0,0.12344974323688833,0.08685141681800447
144.87878787878788,-36.0,0.16094882598983704,0.11323339527396294
144.96464646464648,-36.0,0.2080360580810487,0.14636098804110542
145.05050505050505,-36.0,0.26161964300450086,0.1840590030127483
145.13636363636363,-36.0,0.31920185647590016,0.22457019965340216
145.22222222222223,-36.0,0.37786383103773685,0.26584104777708495
145.3080808080808,-36.0,0.4303488913397679,0.3027662104342697
145.3939393939394,-36.0,0.46255754075874067,0.32542617523034306
145.47979797979798,-36.0,0.4579188483957353,0.3221626852193773
145.56565656565655,-36.0,0.4083867749489943,0.2873150569944411
145.65151515151516,-36.0,0.32328562661023913,0.22744328154751184
145.73737373737373,-36.0,0.22651815241933082,0.15936381848007689
145.82323232323233,-36.0,0.1430979239833615,0.10067463176348129
145.9090909090909,-36.0,0.08635203745458887,0.06075182176491882
143.76262626262627,-35.94444444444444,0.0797960653328451,0.056139455206163244
143.84848484848484,-35.94444444444444,0.10226828026409941,0.07194948165614089
143.93434343434345,-35.94444444444444,0.1228172147099488,0.08640640982728853
144.02020202020202,-35.94444444444444,0.13573401596881518,0.09549385270626172
144.1060606060606,-35.94444444444444,0.1358104975620188,0.09554766030890278
144.1919191919192,-35.94444444444444,0.12199754391278154,0.08582974139370814
144.27777777777777,-35.94444444444444,0.09892297608523377,0.0695959376146264
144.36363636363637,-35.94444444444444,0.0743659132929597,0.052319144318223716
144.87878787878788,-35.94444444444444,0.09454932767599558,0.06651891573474093
144.96464646464648,-35.94444444444444,0.13533522268638584,0.0952132870227023
145.05050505050505,-35.94444444444444,0.1851788117727631,0.13028007791216878
145.13636363636363,-35.94444444444444,0.240741872530725,0.16937072664939407
145.22222222222223,-35.94444444444444,0.29724369960524294,0.20912183188102826
145.3080808080808,-35.94444444444444,0.34632224885363866,0.2436503892180489
145.3939393939394,-35.94444444444444,0.3749164796991515,0.2637674781372893
145.47979797979798,-35.94444444444444,0.3696108684403489,0.2600347862512614
145.56565656565655,-35.94444444444444,0.32585974901576664,0.22925427096005385
145.65151515151516,-35.94444444444444,0.254101534294891,0.17876973811757205
145.73737373737373,-35.94444444444444,0.17547659074266173,0.12345420998688056
145.82323232323233,-35.94444444444444,0.10984579421150248,0.07728054031235275
143.76262626262627,-35.888888888888886,0.09223740404607664,0.06489239276621454
143.84848484848484,-35.888888888888886,0.11677836273741375,0.08215785623765136
143.93434343434345,-35.888888888888886,0.13748348309379668,0.09672466691856509
144.02020202020202,-35.888888888888886,0.14898436057805048,0.10481595555122751
144.1060606060606,-35.888888888888886,0.14682598276063524,0.10329745768678603
144.1919191919192,-35.888888888888886,0.13013237308273157,0.09155289172563587
144.27777777777777,-35.888888888888886,0.1031038425754702,0.07253733035213229
144.36363636363637,-35.888888888888886,0.07336837460628581,0.051617339308373276
144.96464646464648,-35.888888888888886,0.0903716126523798,0.06357974016945331
145.05050505050505,-35.888888888888886,0.1280037979725709,0.09005536115753864
145.13636363636363,-35.888888888888886,0.1689318526875906,0.11884974700557734
145.22222222222223,-35.888888888888886,0.20946134684324488,0.14736373089925767
145.3080808080808,-35.888888888888886,0.2438210598980256,0.17153704776506445
145.3939393939394,-35.888888888888886,0.26291443749583354,0.1849699383708284
145.47979797979798,-35.888888888888886,0.25741451241633745,0.18110053959346117
145.56565656565655,-35.888888888888886,0.22470542470931493,0.15808849812871714
145.65151515151516,-35.888888888888886,0.17309804758566985,0.1217808177405224
145.73737373737373,-35.888888888888886,0.11801636550575507,0.0830288365381023
145.82323232323233,-35.888888888888886,0.0730516862408457,0.05139453744174263
143.67676767676767,-35.833333333333336,0.07671355388665789,0.05397079547922202
143.76262626262627,-35.833333333333336,0.10269111167994448,0.07224695904716986
143.84848484848484,-35.833333333333336,0.12686753741568332,0.08925596023006378
143.93434343434345,-35.833333333333336,0.14461060397380263,0.10173885755218914
144.02020202020202,-35.833333333333336,0.15176705134346088,0.10677368044562854
144.1060606060606,-35.833333333333336,0.14574624376642878,0.10253782174926504
144.1919191919192,-35.833333333333336,0.1267747379664848,0.0891906724179429
144.27777777777777,-35.833333333333336,0.09884689975641107,0.06954241513032373
145.05050505050505,-35.833333333333336,0.08185183735014984,0.05758576613137197
145.13636363636363,-35.833333333333336,0.10558792950382391,0.074284976508128
145.22222222222223,-35.833333333333336,0.12798430738737193,0.09004164881683417
145.3080808080808,-35.833333333333336,0.1465364888422374,0.10309378810988945
145.3939393939394,-35.833333333333336,0.15641196498102078,0.11004154735115323
145.47979797979798,-35.833333333333336,0.15206997962967467,0.1069868015924375
145.56565656565655,-35.833333333333336,0.1318281370962353,0.0927459238316579
145.65151515151516,-35.833333333333336,0.10069990954196416,0.07084607539751514
143.67676767676767,-35.77777777777778,0.0835859591249284,0.058805784327646896
143.76262626262627,-35.77777777777778,0.10895645363902218,0.07665485663956105
143.84848484848484,-35.77777777777778,0.12962768481815173,0.09119782504278284
143.93434343434345,-35.77777777777778,0.14146049578599232,0.09952264104118089
144.02020202020202,-35.77777777777778,0.14218753187140112,0.10003413756146447
144.1060606060606,-35.77777777777778,0.1315300219105438,0.09253618887738922
144.1919191919192,-35.77777777777778,0.11110249000692152,0.07816467184215214
144.27777777777777,-35.77777777777778,0.08467594766027536,0.05957263119284133
145.3080808080808,-35.77777777777778,0.0751368145650928,0.05286150160432259
145.3939393939394,-35.77777777777778,0.07918924316933222,0.055712533583843406
145.47979797979798,-35.77777777777778,0.07667080568390501,0.05394072055255015
143.67676767676767,-35.72222222222222,0.09091571912647571,0.06396253900674531
143.76262626262627,-35.72222222222222,0.11235175777343034,0.07904357748149522
143.84848484848484,-35.72222222222222,0.12598826899871346,0.08863736268765644
143.93434343434345,-35.72222222222222,0.12944555343103864,0.09106968893975793
144.02020202020202,-35.72222222222222,0.1229038339356312,0.08646734962575987
144.1060606060606,-35.72222222222222,0.10816158473980941,0.07609563724978294
144.1919191919192,-35.72222222222222,0.08770623938868091,0.06170455243530899
143.5909090909091,-35.666666666666664,0.07903556942566899,0.05560441847550116
143.67676767676767,-35.666666666666664,0.1014272215383145,0.07135776603125381
143.76262626262627,-35.666666666666664,0.11580725742681347,0.0814746480762275
143.84848484848484,-35.666666666666664,0.11944626174335736,0.08403482092399271
143.93434343434345,-35.666666666666664,0.11308676694437256,0.07956068335953712
144.02020202020202,-35.666666666666664,0.09967092744759898,0.07012214879845788
144.1060606060606,-35.666666666666664,0.08232853221358938,0.05792113843101413
143.5909090909091,-35.611111111111114,0.09544720340690935,0.06715060420416709
143.67676767676767,-35.611111111111114,0.11421489427607645,0.08035436226514314
143.76262626262627,-35.611111111111114,0.11984452025669524,0.08431501037790559
143.84848484848484,-35.611111111111114,0.11243870560200002,0.07910474846413577
143.93434343434345,-35.611111111111114,0.09658547949997635,0.0679514231351812
144.02020202020202,-35.611111111111114,0.07778959409022053,0.05472782918202379
143.50505050505052,-35.55555555555556,0.08172821467844665,0.05749879305304288
143.5909090909091,-35.55555555555556,0.10867125794352762,0.07645421101993778
143.67676767676767,-35.55555555555556,0.12324400285602956,0.08670667092298895
143.76262626262627,-35.55555555555556,0.12071629760663984,0.08492833768023332
143.84848484848484,-35.55555555555556,0.10412490503086745,0.07325568519504802
143.93434343434345,-35.55555555555556,0.08137772152708554,0.05725220828111422
143.50505050505052,-35.5,0.08592651153185846,0.06045244868958559
143.5909090909091,-35.5,0.11096409096165354,0.07806730304370339
143.67676767676767,-35.5,0.12127178934592986,0.08531914646867655
143.76262626262627,-35.5,0.11323367608225432,0.07966403931989792
143.84848484848484,-35.5,0.09187690903474818,0.06463877131939129
143.50505050505052,-35.44444444444444,0.07956352050904163,0.055975851403583694
143.5909090909091,-35.44444444444444,0.10004796916800612,0.07038741146128918
143.67676767676767,-35.44444444444444,0.10621841805674134,0.07472854830238711
143.76262626262627,-35.44444444444444,0.0959240442351631,0.06748607919540331
143.84848484848484,-35.44444444444444,0.07484498133850717,0.05265618623841782
143.5909090909091,-35.388888888888886,0.08105881410182181,0.05702784522460475
143.67676767676767,-35.388888888888886,0.0833029863875908,0.05860670264052278
143.76262626262627,-35.388888888888886,0.07303351616347005,0.05138175412666729
142.13131313131314,-34.333333333333336,0.07663715485265273,0.05391704596000153
142.2171717171717,-34.333333333333336,0.08269373726078647,0.05817807356061815
142.3030303030303,-34.333333333333336,0.0773115984983863,0.05439154177230516
142.04545454545453,-34.27777777777778,0.08353105174439197,0.058767154973965674
142.13131313131314,-34.27777777777778,0.10133577285599102,0.07129342853311342
142.2171717171717,-34.27777777777778,0.1046794522610849,0.0736458294867576
142.3030303030303,-34.27777777777778,0.09242978642760166,0.0650277408193426
142.04545454545453,-34.22222222222222,0.09983809216327208,0.07023975529983656
142.13131313131314,-34.22222222222222,0.11828283608702062,0.08321630835389067
142.2171717171717,-34.22222222222222,0.1179056023130496,0.08295091057434151
142.3030303030303,-34.22222222222222,0.09934486743666818,0.0698927536359042
142.38888888888889,-34.22222222222222,0.07118039535704114,0.050078015752222614
141.95959595959596,-34.166666666666664,0.07282174868651062,0.051232767948748655
142.04545454545453,-34.166666666666664,0.10143530490581075,0.07136345297641304
142.13131313131314,-34.166666666666664,0.11779523358189556,0.08287326212873283
142.2171717171717,-34.166666666666664,0.11425482992431565,0.08038245845667968
142.3030303030303,-34.166666666666664,0.09290540140203435,0.06536235337750783
142.04545454545453,-34.111111111111114,0.08577399931340153,0.060345150756777224
142.13131313131314,-34.111111111111114,0.09798741121505809,0.06893773345502771
142.2171717171717,-34.111111111111114,0.09307721360714612,0.06548322955796249
142.3030303030303,-34.111111111111114,0.0737029278007724,0.051852709736697235
