Latitude,Longitude,LocalDensity,GlowSize
-35.9203064,144.1408819,13,31
-36.4368624,144.9769783,66,137
-36.236312,145.3638637,28,61
-37.0848076,141.9723575,3,11
-36.2471853,144.99032,77,159
-35.288224,144.1186835,1,7
-37.113777,141.04401,5,15
-35.8836212,144.1779461,11,27
-36.2914319,144.7452794,48,101
-37.0337916,141.2870027,3,11
-34.5578898,145.0043377,1,7
-36.3146888,144.9840752,108,221
-36.4083462,144.9476629,70,145
-35.9196794,144.1171779,14,33
-36.3690739,145.2637145,83,171
-35.999932,144.0987376,10,25
-36.3496686,144.6779044,49,103
-34.5484616,145.9445818,1,7
-36.4871596,144.2660306,7,19
-35.9920629,145.4770853,33,71
-36.4865521,144.2995207,6,17
-38.0136602,146.8081965,6,17
-34.5765,144.7071193,1,7
-38.1684665,147.1584296,4,13
-34.0253869,148.4670351,1,7
-34.1153472,145.4057638,1,7
-36.1908353,143.7212381,5,15
-36.4185018,144.9441322,68,141
-35.5099691,143.6159187,11,27
-37.9181175,143.4901775,3,11
-38.014873,140.960367,2,9
-35.5967616,145.5330541,1,7
-36.1801051,145.0800411,56,117
-36.0410499,145.6537193,28,61
-36.4199295,144.9194864,58,121
-36.4235651,145.4825491,34,73
-36.402254,145.447296,42,89
-37.016758,140.95301,3,11
-36.4473556,143.1166142,1,7
-36.4083462,144.9476629,70,145
-36.1465679,145.5983514,26,57
-36.4400502,145.2089219,90,185
-34.8144134,146.7687879,1,7
-36.2644761,144.6107069,59,123
-36.3656467,145.3125454,81,167
-35.9952078,145.5606155,30,65
-35.2061102,147.501122,1,7
-36.1402922,144.8505558,19,43
-38.0850842,146.810255,6,17
-36.2839196,145.0172654,102,209
-38.0777971,146.7853436,6,17
-36.5207373,142.6228247,2,9
-34.2687899,142.117761,13,31
-36.5599463,145.2542594,41,87
-36.3911409,145.4727813,35,75
-36.4010169,144.9433644,69,143
-38.0741177,146.8848805,6,17
-35.4693774,143.714907,12,29
-35.9479113,145.6826593,8,21
-36.1565916,145.6307476,25,55
-36.4685061,145.3029543,69,143
-35.606107,143.814793,6,17
-36.3904975,144.3032932,9,23
-35.5694443,144.1229812,1,7
-36.2269999,147.1682844,1,7
-38.5863427,143.1268051,5,15
-37.7107594,142.5858047,5,15
-35.9314636,145.5070745,26,57
-35.9198648,144.1059851,14,33
-34.5215392,143.7923939,3,11
-36.4475266,144.9539279,61,127
-37.7284311,147.2747725,1,7
-36.2347909,144.084979,4,13
-34.4251498,143.7929482,3,11
-34.0026527,147.9180222,1,7
-36.5587081,145.2558528,41,87
-36.2271593,145.065963,77,159
-35.795615,144.0869522,11,27
-36.3753758,145.4285274,48,101
-35.9383133,145.5070086,26,57
-35.5001718,143.6333957,11,27
-36.2550241,144.9756305,80,165
-36.6710581,143.5123844,2,9
-36.2249513,145.1221337,69,143
-36.4123771,144.9531684,69,143
-36.9679054,141.0052558,3,11
-36.3583378,145.2393423,86,177
-35.2615222,144.9167749,1,7
-34.9317653,144.765799,1,7
-34.3327458,142.387446,4,13
-37.141568,141.077986,4,13
-37.554876,141.0060221,1,7
-36.9226654,141.0958122,2,9
-36.319961,141.9675943,2,9
-35.8399546,143.9986559,10,25
-34.5074128,145.1648676,2,9
-38.044234,140.91873,2,9
-37.7107594,142.5858047,5,15
-36.4264704,145.296153,79,163
-36.3977873,145.2834562,81,167
-34.1567098,142.1430857,13,31
-37.844515,140.9058899,2,9
-36.587589,140.928443,1,7
-37.706401,140.932632,2,9
-36.4212057,144.9445763,68,141
-36.419313,144.9443546,68,141
-35.003549,140.959284,2,9
-34.058259,141.323467,2,9
-36.3630474,141.1364716,1,7
-37.6999257,142.5822482,5,15
-36.4769601,145.1396754,68,141
-34.4268189,145.179689,2,9
-34.958917,140.95496,2,9
-36.2475424,144.9701141,75,155
-37.203489,140.965596,4,13
-36.754739,140.924189,1,7
-36.3482367,145.1364561,101,207
-37.124581,144.0112364,2,9
-37.0944575,141.9477742,3,11
-34.3272277,142.3605692,5,15
-34.2843888,142.2168805,11,27
-34.5118957,143.6775101,3,11
-34.529869,144.1621111,1,7
-36.251204,145.049126,82,169
-36.7685942,144.2733486,1,7
-37.0389712,141.3404096,3,11
-34.1959795,142.2211815,13,31
-36.3773483,145.2827568,89,183
-35.7693225,144.2414156,6,17
-36.2237893,144.887434,51,107
-36.1428159,146.754231,2,9
-35.4916936,143.617566,11,27
-36.4937632,145.2101841,68,141
-36.555602,145.2895572,40,85
-36.2236852,144.8073477,30,65
-36.3380233,144.6710465,53,111
-36.3655954,145.4411768,41,87
-35.0332498,143.0426499,1,7
-37.0043976,142.2984489,3,11
-34.7762835,142.6657827,1,7
-36.3812675,144.6651773,43,91
-36.2241061,145.0418231,73,151
-36.1687664,145.049018,56,117
-37.4076247,141.9666041,2,9
-36.3125587,145.2368615,79,163
-35.8832602,143.8109293,6,17
-37.5275088,142.9327049,2,9
-36.1709337,145.5831228,27,59
-36.4008625,145.3180064,84,173
-36.94143,142.0289263,2,9
-35.9743039,145.4781954,32,69
-36.2257757,146.4596462,4,13
-35.6142303,143.7503687,8,21
-34.1560491,142.1454938,13,31
-34.2239923,142.2340442,13,31
-36.3760413,145.1641676,104,213
-34.7172546,142.8316681,3,11
-34.8036261,142.9023692,2,9
-34.7701457,142.3760112,1,7
-36.4392263,144.9354168,55,115
-35.446332,143.7336791,10,25
-36.3459867,144.650959,53,111
-36.3901519,145.4298359,49,103
-37.7676728,145.4418691,3,11
-36.2565155,144.7284804,52,109
-36.3712268,144.1371205,5,15
-36.2596292,144.5649937,49,103
-36.4702473,145.0034592,61,127
-36.2513165,144.5840681,48,101
-36.276293,144.9725072,94,193
-36.309147,144.6584753,58,121
-37.2360375,143.8610242,2,9
-36.7720666,145.2129644,3,11
-36.2593545,144.58881,57,119
-36.3053494,145.2777046,69,143
-36.3058066,145.2749225,71,147
-36.4475827,145.4486751,39,83
-35.979361,145.2396115,19,43
-38.6090786,146.7933344,1,7
-36.5418728,144.0631145,4,13
-35.815741,143.8826726,10,25
-36.2337024,144.8867521,53,111
-36.3981944,145.4239721,49,103
-36.3929019,144.936236,70,145
-36.4672731,144.9940861,60,125
-36.3834324,144.6658367,43,91
-36.2650373,145.2019927,68,141
-36.3109557,145.1742738,86,177
-36.2548072,145.0959199,82,169
-36.3598264,144.6683905,47,99
-36.5486518,145.2550151,42,89
-36.500802,145.2050683,64,133
-36.4245198,145.1707393,90,185
-36.3066876,145.2431905,78,161
-36.2739638,144.4775384,31,67
-36.236176,145.058072,78,161
-36.2114525,144.898907,53,111
-36.2122164,145.0123448,71,147
-36.3890811,144.3231483,12,29
-36.4305769,145.0594456,85,175
-36.2093362,144.6159897,39,83
-36.4234176,145.4515453,38,81
-36.2648857,144.5259007,45,95
-36.395493,145.4797198,35,75
-36.2665952,145.2364977,58,121
-36.2062701,146.3094909,3,11
-36.458422,144.9332808,53,111
-36.3322327,144.6329764,55,115
-35.9684156,145.0596449,9,23
-36.342504,145.2249221,84,173
-38.0140445,143.3502197,4,13
-37.5609263,144.9165764,1,7
-37.590866,142.8556538,2,9
-36.4258628,145.2469687,85,175
-37.0560671,142.6321261,1,7
-36.4226585,144.9768041,73,151
-37.3437486,143.9469014,2,9
-36.317921,145.3893292,62,129
-36.5407039,144.0634638,4,13
-36.5760889,144.5569209,3,11
-38.2837968,144.1793644,2,9
-36.993838,141.2927917,3,11
-36.4659361,146.6200623,2,9
-35.8170819,143.6323799,2,9
-36.2131585,146.4254511,4,13
-36.5984404,146.2303089,2,9
-35.3000573,141.3942951,1,7
-38.5863427,143.1268051,5,15
-37.1471717,142.8320957,1,7
-36.3231618,143.9932101,4,13
-34.72081,143.1493546,1,7
-36.56106,145.6252994,1,7
-38.1992597,143.9722418,1,7
-36.1431575,145.4881304,35,75
-34.9517908,143.3043472,1,7
-36.4385824,145.3036172,81,167
-38.5163989,143.5389823,3,11
-36.4209109,145.0940081,90,185
-35.9636794,145.4529648,32,69
-35.28139,143.5612847,3,11
-35.9861951,145.5606611,27,59
-38.1644966,142.5534918,2,9
-36.3659383,145.4690382,38,81
-37.9405602,143.3468215,5,15
-36.6347914,144.80494,3,11
-36.2088384,144.9369664,63,131
-35.446332,143.7336791,10,25
-38.150345,142.6856428,2,9
-38.3205356,145.3395895,2,9
-36.4098618,145.0161675,87,179
-36.4394144,144.951925,62,129
-36.3993658,147.2262225,1,7
-34.1668361,141.1801619,1,7
-36.3832251,145.1820168,104,213
-36.2578389,145.1950745,70,145
-36.0265357,145.1639804,13,31
-36.3461715,145.2389703,85,175
-36.0320813,145.4763336,36,77
-36.9236895,143.3573914,3,11
-36.7531215,145.6808187,2,9
-36.454778,145.2781326,71,147
-36.0471993,144.0141728,5,15
-36.2661978,145.2083395,66,137
-36.2911516,144.5133815,44,93
-36.0235825,145.2076859,16,37
-36.2615038,144.9472506,83,171
-36.2607503,144.6291212,58,121
-36.0717996,145.3855472,30,65
-36.4024654,144.9589719,74,153
-36.3958812,144.6391388,40,85
-36.3568743,144.4760845,22,49
-36.0140588,145.2394972,19,43
-36.403498,145.4966943,34,73
-36.0034294,145.2369132,19,43
-36.2089172,144.6257783,40,85
-36.5432711,145.2422641,43,91
-36.4574803,145.1876595,86,177
-36.3333061,145.1748813,89,183
-36.127607,145.5962381,29,63
-36.0521656,146.1155281,2,9
-36.4389222,145.5368557,29,63
-36.3873244,145.4624804,36,77
-36.1944866,145.4538749,22,49
-36.2214051,144.9668541,69,143
-35.9701704,145.4969066,30,65
-36.4167506,145.1107296,88,181
-35.5938738,142.8442957,1,7
-36.0322829,144.0413266,8,21
-36.3555002,145.2599465,84,173
-35.9748392,145.4795292,32,69
-36.1991601,145.4572383,21,47
-35.9169675,145.027476,5,15
-36.3680444,144.997214,104,213
-36.4826718,145.0552448,69,143
-37.2696764,143.1100276,1,7
-38.2729212,144.158046,2,9
-36.2440676,145.5560827,27,59
-35.9778904,145.2073415,17,39
-36.5147809,144.8003654,3,11
-34.6015739,142.7898511,2,9
-36.3602126,145.1380596,101,207
-35.7945989,144.1808808,10,25
-36.3072704,145.0827343,101,207
-36.2697997,144.4734486,31,67
-36.2252037,143.7919749,4,13
-34.157513,142.1572541,13,31
-34.1570075,141.3343642,2,9
-36.2427236,145.5544041,27,59
-35.9935859,145.4793127,34,73
-36.1386196,144.8152265,19,43
-35.0851216,142.2965821,1,7
-36.6816867,143.5553749,3,11
-36.0536972,145.5418387,48,101
-36.2959482,144.7499406,47,99
-36.3176555,144.955342,98,201
-36.3474277,145.4309344,44,93
-38.342337,142.4258382,1,7
-36.2891111,145.1311414,90,185
-36.254118,145.3873491,33,71
-36.3468753,144.7526719,44,93
-36.3166518,145.161591,91,187
-36.3920864,144.9285449,66,137
-36.2679067,145.1518062,78,161
-36.4224712,145.2113276,90,185
-38.3850412,143.4718424,2,9
-36.3609658,145.4403814,42,89
-38.4441293,143.7368291,2,9
-36.4025348,145.3024716,80,165
-36.442568,145.3097792,79,163
-36.2494985,141.9755427,3,11
-37.0140229,142.9969489,2,9
-36.6204298,144.4304564,3,11
-37.0871032,143.91574,2,9
-36.0437572,146.4772875,4,13
-37.0002616,142.2902434,3,11
-36.3671478,145.141861,106,217
-37.0182165,142.9795159,2,9
-36.4822141,145.0687487,72,149
-36.443619,145.2284527,89,183
-36.1270138,143.75407,4,13
-36.2753046,145.2060267,68,141
-36.1843039,145.6123521,24,53
-36.6618486,144.8489802,2,9
-36.1786196,145.0424988,62,129
-36.3015314,144.9965595,105,215
-36.2968386,144.8062742,34,73
-36.8131134,141.3456098,3,11
-38.2165582,145.3779414,3,11
-36.3510812,145.0678518,118,241
-38.368898,144.7716305,3,11
-36.3245121,144.9816229,107,219
-36.4244622,144.9840525,73,151
-36.5091228,145.237579,57,119
-36.4761054,145.005803,59,123
-35.993559,145.3307049,31,67
-36.3073209,144.6504661,58,121
-36.2073104,144.9032495,54,113
-36.3677876,145.1342843,101,207
-36.0475832,145.429596,36,77
-36.4152703,144.9945361,82,169
-36.979932,143.2927378,3,11
-36.6522684,145.9499119,4,13
-36.3884355,144.6825354,40,85
-37.5394019,142.5684651,4,13
-36.2821073,144.5507297,55,115
-36.3058824,144.7597071,44,93
-36.3811796,144.6659579,43,91
-36.3800333,145.2513357,87,179
-36.2718702,145.2114712,66,137
-36.2815672,144.8207835,31,67
-36.2496912,144.4916117,38,81
-36.2021181,144.9663064,63,131
-36.2347093,144.4665682,30,65
-36.524408,145.293683,48,101
-38.1587389,147.1782359,4,13
-36.1919175,144.5578148,33,71
-36.0231851,145.2275436,19,43
-36.0336174,145.4032212,34,73
-36.3586332,144.6608187,48,101
-36.1506457,144.923601,43,91
-36.3967879,145.4624258,36,77
-36.2674631,145.0139118,87,179
-36.3150171,145.0884221,100,205
-36.441576,144.3462231,10,25
-34.1628505,142.140046,13,31
-36.318509,145.2771952,74,153
-36.3627763,145.4478467,40,85
-36.4534834,144.9890668,63,131
-36.3189219,145.3864498,65,135
-35.7667969,144.00148,9,23
-35.9831286,145.4800241,33,71
-36.6856667,145.4567825,2,9
-36.0250739,145.3978512,34,73
-35.2380593,143.470915,3,11
-36.4331315,146.3421314,2,9
-36.3558635,145.1495172,98,201
-36.3798264,144.665518,43,91
-37.2301756,143.5812823,2,9
-36.1729654,145.591364,27,59
-36.2422238,144.9659551,75,155
-37.1035665,141.9478598,3,11
-36.3251021,145.3844537,66,137
-38.4730847,143.681455,3,11
-36.3870815,145.1280758,96,197
-36.9401624,145.1432615,1,7
-37.8371345,145.391947,3,11
-35.1804303,141.0690774,1,7
-36.7163857,141.4417496,3,11
-36.3352036,145.2250122,81,167
-37.8102569,145.4264458,3,11
-36.3852661,146.8765151,1,7
-36.533904,145.2393308,48,101
-36.1272537,145.6123441,27,59
-36.2293655,144.5016461,37,79
-36.3210711,144.4139588,22,49
-36.3218878,144.4150663,22,49
-35.9840057,145.361269,32,69
-36.0479676,145.2283934,19,43
-36.1849042,144.6729221,32,69
-36.4962049,145.2519388,63,131
-36.1763466,145.0117833,61,127
-36.4232865,144.1359901,6,17
-36.6169063,146.2391585,2,9
-36.2133988,146.5979848,3,11
-36.4132059,143.3566026,1,7
-38.5863427,143.1268051,5,15
-36.4081476,144.9736866,80,165
-36.9941763,143.6076684,1,7
-34.4584988,141.8974757,1,7
-36.3581709,145.37283,73,151
-36.2601597,145.0308256,84,173
-36.3286163,144.6591687,53,111
-36.2474759,144.5221134,42,89
-36.381222,144.6495732,47,99
-35.702501,144.0183279,6,17
-36.6645822,145.9870507,5,15
-36.3867055,145.503497,34,73
-36.03055,145.34795,31,67
-36.1424264,145.5885744,29,63
-36.0203,145.3970501,33,71
-36.2440313,145.0008901,78,161
-36.4268788,145.0649074,89,183
-36.2499621,145.0640909,87,179
-36.4262154,145.182007,92,189
-36.7367593,145.5633537,3,11
-36.3175695,144.9679264,105,215
-36.1325655,145.5959431,28,61
-36.2806106,145.0525398,93,191
-36.3877435,145.2269493,94,193
-36.4613115,145.2586306,68,141
-36.2858479,144.9798509,96,197
-36.4250918,144.9762458,71,147
-36.0360191,145.4123326,33,71
-36.3872426,144.7091812,40,85
-36.170761,145.6082652,24,53
-36.028568,144.0389316,8,21
-36.368892,144.6877423,45,95
-36.2689351,143.8113245,3,11
-35.5281761,143.7102978,13,31
-35.5452263,143.6251058,12,29
-36.8531019,143.0615327,1,7
-36.4960703,144.324327,6,17
-36.370425,145.111443,108,221
-36.3713471,145.2667981,84,173
-36.3772444,145.2884405,87,179
-36.4544702,144.9651918,60,125
-35.7736821,143.8578418,10,25
-34.1794619,142.1090911,12,29
-34.1747305,142.1616218,13,31
-36.5005242,142.9430266,1,7
-35.6804762,143.7507389,6,17
-35.8399077,145.0458217,4,13
-36.3340553,144.6701724,54,113
-36.1383265,141.9286624,3,11
-37.9684695,143.3126315,4,13
-37.1987508,142.340994,1,7
-36.3702947,144.6137381,45,95
-38.417463,144.8365116,3,11
-36.1532114,145.6121054,25,55
-36.2652807,145.0690004,87,179
-36.2779155,144.9732858,94,193
-36.290929,144.4429112,25,55
-36.2599814,144.5876938,57,119
-36.425274,145.0108177,79,163
-36.348379,145.5087056,35,75
-36.2043457,145.0845144,67,139
-37.5637653,142.664724,4,13
-36.4419431,144.9668706,64,133
-36.2908065,144.9992207,100,205
-36.4121958,145.4634105,35,75
-36.3398274,145.0423315,125,255
-34.4448757,142.3503986,4,13
-36.350923,144.8563863,60,125
-36.2451081,144.613475,55,115
-36.3017944,144.6409155,58,121
-36.2092417,144.6146556,39,83
-38.0555518,147.1181523,4,13
-36.2835775,144.9332095,86,177
-36.2370902,144.6145165,49,103
-36.1979058,145.4314336,18,41
-36.4890131,145.1290269,62,129
-36.3278951,145.2293347,81,167
-36.4696647,145.0994239,67,139
-36.2997811,145.25722,73,151
-35.9826844,145.1333942,15,35
-36.3214666,144.7559832,43,91
-36.2033682,144.8711616,39,83
-36.5299224,142.4959718,2,9
-36.8469319,143.5017309,1,7
-36.6363793,145.8491984,3,11
-36.3763172,146.4221524,3,11
-35.9978036,145.9314055,2,9
-36.2131214,146.4233037,4,13
-36.147406,147.9547853,1,7
-36.6230986,144.4458107,3,11
-36.0372709,146.4568549,4,13
-38.5863427,143.1268051,5,15
-35.8674948,144.1917362,10,25
-35.5063347,143.6134483,11,27
-35.6719236,143.8850726,10,25
-35.808999,144.1780733,10,25
-35.5000162,143.6354924,11,27
-34.1591763,142.1589284,13,31
-34.4553274,142.3077317,4,13
-36.418208,145.4921057,34,73
-36.451849,145.3894606,54,113
-38.4136215,144.0560824,1,7
-36.2163877,144.5462186,38,81
-37.4026638,141.6114615,3,11
-37.7081809,142.5956324,5,15
-36.3088812,145.0976575,104,213
-36.3698448,144.977823,95,195
-36.441552,145.0911332,83,171
-36.2153653,144.9621855,66,137
-36.3105247,145.1604646,90,185
-36.2342869,145.0505058,77,159
-36.2922933,144.6287134,59,123
-35.9589821,145.4999386,28,61
-36.2747549,144.9533633,94,193
-36.4467308,145.2024699,89,183
-36.0276158,145.3644684,32,69
-38.3462341,142.7863408,2,9
-38.346144,142.7863434,2,9
-36.2552093,145.1435467,78,161
-36.6060883,145.3184766,17,39
-36.5837407,145.2408272,37,79
-36.3484418,144.9938055,113,231
-36.7314874,146.9880266,1,7
-36.7154343,145.3097515,6,17
-35.8535788,145.092213,5,15
-37.7242869,144.6537865,1,7
-38.5838732,143.3969703,1,7
-35.9065032,143.5759277,2,9
-36.3697623,145.0289081,112,229
-36.2336378,144.9173447,66,137
-36.2237021,144.8179147,34,73
-36.2935946,144.9630378,97,199
-36.4301375,145.0297784,83,171
-36.4678481,145.3133291,67,139
-36.0419988,145.6285366,30,65
-36.5000624,145.1587393,63,131
-36.4633827,145.0595825,76,157
-37.0862543,144.6724878,2,9
-36.7412159,141.9215505,1,7
-36.6645824,143.7008529,2,9
-37.0111443,142.3240449,3,11
-37.068082,144.7018399,2,9
-36.4339663,145.2331085,89,183
-36.2673728,145.0155812,87,179
-36.4017856,144.6250634,35,75
-36.5561929,145.268334,39,83
-36.1823666,144.9332971,56,117
-36.2694375,145.0074013,88,181
-36.3419577,144.772183,40,85
-36.1508385,145.6177542,25,55
-37.9815422,146.7745243,6,17
-36.4252912,145.2846058,77,159
-36.8776575,142.137803,2,9
-36.2321216,145.0311481,78,161
-36.1687338,146.7211688,3,11
-36.4835579,145.2216517,74,153
-37.4032362,141.6125662,3,11
-36.4237947,144.0509463,6,17
-37.0600317,145.2882105,1,7
-36.3780309,145.4650995,37,79
-36.5606264,145.9804635,3,11
-35.4368365,142.8239708,1,7
-34.1740703,142.0954128,12,29
-38.0455186,147.3388252,2,9
-37.4042364,141.6128607,3,11
-35.5568551,143.5951221,9,23
-36.1292478,145.6439116,24,53
-37.91282,143.3609645,5,15
-36.0119523,141.9789635,2,9
-36.697663,142.7636583,1,7
-36.4152703,144.9945361,82,169
-36.3542382,145.0630635,119,243
-36.2565122,144.7270338,52,109
-36.2775051,145.1115313,93,191
-36.2743641,145.397023,39,83
-36.2592423,145.0688838,86,177
-36.0587111,145.3334256,26,57
-36.2781554,145.1705264,78,161
-36.3082479,144.629416,59,123
-36.239828,144.5722258,44,93
-35.9964273,145.1690182,13,31
-36.2069493,144.9025827,53,111
-36.2764884,145.2465458,62,129
-36.2667407,145.2531922,60,125
-36.0493387,145.2622465,23,51
-36.2738166,144.4084189,21,47
-36.2068237,144.4785491,31,67
-38.6154501,145.7725526,2,9
-36.2236394,144.4314952,24,53
-36.2122018,144.9401666,64,133
-37.5323981,142.5875921,4,13
-36.2921028,145.1143357,96,197
-36.3327389,145.3169009,72,149
-35.9988219,145.4545015,36,77
-35.277681,143.5601442,3,11
-36.4035111,145.1770477,103,211
-36.4423043,144.9693245,64,133
-36.391936,145.2484762,87,179
-36.362708,144.4705845,22,49
-36.4648982,145.3952173,51,107
-36.0278698,146.05282,3,11
-36.4898923,145.2076063,72,149
-36.3396244,144.663576,53,111
-36.4545582,144.9586094,60,125
-36.2525547,145.0951381,82,169
-36.1464276,145.5629358,29,63
-36.3503414,144.9050753,79,163
-36.0537823,145.3234154,25,55
-36.4254239,145.0852033,92,189
-36.1332022,145.5767272,31,67
-36.3702838,144.9430527,77,159
-36.2915952,145.0726979,98,201
-36.3581675,145.111871,105,215
-36.2747899,144.6227872,61,127
-36.6833762,146.1040091,2,9
-36.0286818,144.041815,8,21
-36.272877,144.1033378,4,13
-36.4047964,144.9323239,65,135
-35.9782441,145.4620313,32,69
-38.0260667,146.8806019,6,17
-36.8061929,141.3434728,3,11
-36.6083381,145.3197156,17,39
-36.3040315,145.4709218,40,85
-36.4727695,145.018301,62,129
-36.1303256,145.4516092,33,71
-36.7652188,142.3424893,1,7
-35.9147338,144.2068647,10,25
-37.2486163,144.9243589,1,7
-35.9009213,143.8865284,7,19
-36.3840974,146.498345,3,11
-38.1839712,145.8883012,1,7
-37.5881269,142.595026,8,21
-36.0346332,146.4346774,4,13
-36.5453467,146.4838515,1,7
-36.0440394,146.4813549,4,13
-38.5863427,143.1268051,5,15
-36.3797732,145.433679,45,95
-37.539388,144.6244167,1,7
-36.4387835,145.2569932,81,167
-36.0245161,145.1884949,16,37
-36.1396877,145.6129983,25,55
-36.2726432,144.4080939,21,47
-36.0889721,143.6793934,3,11
-34.1777404,142.105143,12,29
-35.9778109,145.5222361,28,61
-38.6719451,145.7923226,2,9
-37.4076275,141.966717,2,9
-37.2122424,140.9754004,4,13
-35.6866448,143.8788959,11,27
-34.7051987,141.0604241,1,7
-38.1240689,145.2659438,2,9
-36.3381688,145.2296995,81,167
-38.1139116,147.2200506,5,15
-35.1845831,142.1734601,1,7
-36.0174512,145.6671651,20,45
-36.3550737,145.2488029,86,177
-36.4497739,144.9408743,55,115
-36.3178377,144.4162108,22,49
-35.992846,145.5052588,31,67
-36.5093661,145.2506422,56,117
-36.4460483,145.2727465,74,153
-36.9796083,143.2909138,3,11
-35.8066739,143.8620913,10,25
-35.8046579,143.8791702,10,25
-38.3886664,144.857861,3,11
-36.3825328,144.6999477,42,89
-36.4062538,145.4381765,44,93
-35.9850048,145.6007946,27,59
-36.4900807,145.2029189,74,153
-36.3389214,144.6699287,53,111
-36.361191,144.9698026,94,193
-36.4076672,145.4911463,34,73
-36.3569042,145.4273104,48,101
-36.1928196,144.558032,33,71
-36.4401104,145.0905737,85,175
-36.3926092,145.1747931,106,217
-36.2148167,145.0571662,71,147
-35.9815181,145.5394482,30,65
-35.9677262,145.3504392,32,69
-36.4718048,145.240365,70,145
-36.2958731,144.8056086,34,73
-36.2517442,145.2264377,56,117
-36.712196,145.1747383,4,13
-35.9595706,145.3928587,30,65
-36.4959163,145.2156596,67,139
-35.8807651,144.405883,1,7
-36.1990558,145.0260198,69,143
-36.252214,144.6373631,57,119
-36.1589449,145.0436771,52,109
-36.1691771,145.6095643,24,53
-36.3807283,144.665737,43,91
-36.1678975,145.6300064,24,53
-36.2363235,145.3745438,31,67
-37.3169758,143.6195863,2,9
-36.2423992,144.9858257,76,157
