Lon,Lat,lon1,lon2,lat1,lat2,StressLevel
141.05,-37.94999999999999,141.0,141.1,-37.999999999999986,-37.899999999999984,3
141.05,-37.649999999999984,141.0,141.1,-37.69999999999998,-37.59999999999998,2
141.05,-37.34999999999998,141.0,141.1,-37.39999999999998,-37.299999999999976,1
141.05,-36.949999999999974,141.0,141.1,-36.99999999999997,-36.89999999999997,3
141.05,-36.84999999999997,141.0,141.1,-36.89999999999997,-36.79999999999997,1
141.05,-36.74999999999997,141.0,141.1,-36.79999999999997,-36.69999999999997,1
141.05,-35.14999999999995,141.0,141.1,-35.199999999999946,-35.099999999999945,3
141.05,-34.04999999999993,141.0,141.1,-34.09999999999993,-33.99999999999993,1
141.15,-37.14999999999998,141.1,141.2,-37.199999999999974,-37.09999999999997,3
141.15,-36.44999999999997,141.1,141.2,-36.499999999999964,-36.39999999999996,1
141.25,-37.049999999999976,141.2,141.29999999999998,-37.09999999999997,-36.99999999999997,3
141.25,-34.44999999999994,141.2,141.29999999999998,-34.499999999999936,-34.399999999999935,1
141.35,-36.84999999999997,141.29999999999998,141.39999999999998,-36.89999999999997,-36.79999999999997,2
141.35,-35.24999999999995,141.29999999999998,141.39999999999998,-35.29999999999995,-35.199999999999946,1
141.45,-36.64999999999997,141.39999999999998,141.49999999999997,-36.69999999999997,-36.599999999999966,1
141.45,-34.149999999999935,141.39999999999998,141.49999999999997,-34.19999999999993,-34.09999999999993,2
141.54999999999998,-37.44999999999998,141.49999999999997,141.59999999999997,-37.49999999999998,-37.39999999999998,3
141.84999999999997,-34.44999999999994,141.79999999999995,141.89999999999995,-34.499999999999936,-34.399999999999935,1
141.94999999999996,-37.44999999999998,141.89999999999995,141.99999999999994,-37.49999999999998,-37.39999999999998,2
141.94999999999996,-36.74999999999997,141.89999999999995,141.99999999999994,-36.79999999999997,-36.69999999999997,1
141.94999999999996,-36.249999999999964,141.89999999999995,141.99999999999994,-36.29999999999996,-36.19999999999996,2
141.94999999999996,-36.14999999999996,141.89999999999995,141.99999999999994,-36.19999999999996,-36.09999999999996,2
142.04999999999995,-37.14999999999998,141.99999999999994,142.09999999999994,-37.199999999999974,-37.09999999999997,3
142.04999999999995,-36.949999999999974,141.99999999999994,142.09999999999994,-36.99999999999997,-36.89999999999997,1
142.04999999999995,-35.14999999999995,141.99999999999994,142.09999999999994,-35.199999999999946,-35.099999999999945,1
142.04999999999995,-34.249999999999936,141.99999999999994,142.09999999999994,-34.29999999999993,-34.19999999999993,1
142.14999999999995,-36.84999999999997,142.09999999999994,142.19999999999993,-36.89999999999997,-36.79999999999997,1
142.14999999999995,-34.34999999999994,142.09999999999994,142.19999999999993,-34.399999999999935,-34.29999999999993,1
142.14999999999995,-34.249999999999936,142.09999999999994,142.19999999999993,-34.29999999999993,-34.19999999999993,1
142.14999999999995,-34.149999999999935,142.09999999999994,142.19999999999993,-34.19999999999993,-34.09999999999993,8
142.24999999999994,-34.949999999999946,142.19999999999993,142.29999999999993,-34.99999999999994,-34.89999999999994,1
142.24999999999994,-34.34999999999994,142.19999999999993,142.29999999999993,-34.399999999999935,-34.29999999999993,2
142.24999999999994,-34.249999999999936,142.19999999999993,142.29999999999993,-34.29999999999993,-34.19999999999993,2
142.34999999999994,-37.14999999999998,142.29999999999993,142.39999999999992,-37.199999999999974,-37.09999999999997,1
142.34999999999994,-37.049999999999976,142.29999999999993,142.39999999999992,-37.09999999999997,-36.99999999999997,3
142.34999999999994,-36.74999999999997,142.29999999999993,142.39999999999992,-36.79999999999997,-36.69999999999997,1
142.34999999999994,-34.64999999999994,142.29999999999993,142.39999999999992,-34.69999999999994,-34.59999999999994,1
142.34999999999994,-34.44999999999994,142.29999999999993,142.39999999999992,-34.499999999999936,-34.399999999999935,2
142.44999999999993,-38.349999999999994,142.39999999999992,142.49999999999991,-38.39999999999999,-38.29999999999999,1
142.44999999999993,-38.14999999999999,142.39999999999992,142.49999999999991,-38.19999999999999,-38.09999999999999,1
142.44999999999993,-36.54999999999997,142.39999999999992,142.49999999999991,-36.599999999999966,-36.499999999999964,1
142.54999999999993,-37.749999999999986,142.49999999999991,142.5999999999999,-37.79999999999998,-37.69999999999998,4
142.64999999999992,-38.14999999999999,142.5999999999999,142.6999999999999,-38.19999999999999,-38.09999999999999,1
142.64999999999992,-37.649999999999984,142.5999999999999,142.6999999999999,-37.69999999999998,-37.59999999999998,3
142.64999999999992,-37.049999999999976,142.5999999999999,142.6999999999999,-37.09999999999997,-36.99999999999997,1
142.64999999999992,-36.44999999999997,142.5999999999999,142.6999999999999,-36.499999999999964,-36.39999999999996,1
142.64999999999992,-34.74999999999994,142.5999999999999,142.6999999999999,-34.79999999999994,-34.69999999999994,1
142.74999999999991,-37.54999999999998,142.6999999999999,142.7999999999999,-37.59999999999998,-37.49999999999998,1
142.74999999999991,-36.64999999999997,142.6999999999999,142.7999999999999,-36.69999999999997,-36.599999999999966,1
142.74999999999991,-35.649999999999956,142.6999999999999,142.7999999999999,-35.69999999999995,-35.59999999999995,1
142.74999999999991,-35.44999999999995,142.6999999999999,142.7999999999999,-35.49999999999995,-35.39999999999995,1
142.74999999999991,-34.64999999999994,142.6999999999999,142.7999999999999,-34.69999999999994,-34.59999999999994,1
142.8499999999999,-38.349999999999994,142.7999999999999,142.8999999999999,-38.39999999999999,-38.29999999999999,2
142.8499999999999,-37.54999999999998,142.7999999999999,142.8999999999999,-37.59999999999998,-37.49999999999998,2
142.8499999999999,-37.14999999999998,142.7999999999999,142.8999999999999,-37.199999999999974,-37.09999999999997,1
142.8499999999999,-34.74999999999994,142.7999999999999,142.8999999999999,-34.79999999999994,-34.69999999999994,1
142.9499999999999,-36.54999999999997,142.8999999999999,142.9999999999999,-36.599999999999966,-36.499999999999964,1
142.9499999999999,-34.949999999999946,142.8999999999999,142.9999999999999,-34.99999999999994,-34.89999999999994,1
142.9499999999999,-34.849999999999945,142.8999999999999,142.9999999999999,-34.89999999999994,-34.79999999999994,1
143.0499999999999,-37.049999999999976,142.9999999999999,143.09999999999988,-37.09999999999997,-36.99999999999997,2
143.0499999999999,-36.84999999999997,142.9999999999999,143.09999999999988,-36.89999999999997,-36.79999999999997,1
143.0499999999999,-36.44999999999997,142.9999999999999,143.09999999999988,-36.499999999999964,-36.39999999999996,1
143.1499999999999,-38.55,143.09999999999988,143.19999999999987,-38.599999999999994,-38.49999999999999,5
143.1499999999999,-37.24999999999998,143.09999999999988,143.19999999999987,-37.299999999999976,-37.199999999999974,1
143.1499999999999,-34.74999999999994,143.09999999999988,143.19999999999987,-34.79999999999994,-34.69999999999994,1
143.2499999999999,-36.949999999999974,143.19999999999987,143.29999999999987,-36.99999999999997,-36.89999999999997,2
143.2499999999999,-34.949999999999946,143.19999999999987,143.29999999999987,-34.99999999999994,-34.89999999999994,1
143.34999999999988,-37.94999999999999,143.29999999999987,143.39999999999986,-37.999999999999986,-37.899999999999984,3
143.34999999999988,-37.84999999999999,143.29999999999987,143.39999999999986,-37.899999999999984,-37.79999999999998,1
143.34999999999988,-36.84999999999997,143.29999999999987,143.39999999999986,-36.89999999999997,-36.79999999999997,1
143.34999999999988,-36.349999999999966,143.29999999999987,143.39999999999986,-36.39999999999996,-36.29999999999996,1
143.34999999999988,-34.849999999999945,143.29999999999987,143.39999999999986,-34.89999999999994,-34.79999999999994,4
143.44999999999987,-38.55,143.39999999999986,143.49999999999986,-38.599999999999994,-38.49999999999999,1
143.44999999999987,-38.449999999999996,143.39999999999986,143.49999999999986,-38.49999999999999,-38.39999999999999,1
143.44999999999987,-37.94999999999999,143.39999999999986,143.49999999999986,-37.999999999999986,-37.899999999999984,1
143.44999999999987,-35.24999999999995,143.39999999999986,143.49999999999986,-35.29999999999995,-35.199999999999946,1
143.54999999999987,-38.55,143.49999999999986,143.59999999999985,-38.599999999999994,-38.49999999999999,1
143.54999999999987,-37.24999999999998,143.49999999999986,143.59999999999985,-37.299999999999976,-37.199999999999974,1
143.54999999999987,-36.84999999999997,143.49999999999986,143.59999999999985,-36.89999999999997,-36.79999999999997,1
143.54999999999987,-36.64999999999997,143.49999999999986,143.59999999999985,-36.69999999999997,-36.599999999999966,2
143.54999999999987,-35.84999999999996,143.49999999999986,143.59999999999985,-35.899999999999956,-35.799999999999955,1
143.54999999999987,-35.549999999999955,143.49999999999986,143.59999999999985,-35.59999999999995,-35.49999999999995,1
143.54999999999987,-35.24999999999995,143.49999999999986,143.59999999999985,-35.29999999999995,-35.199999999999946,2
143.64999999999986,-37.34999999999998,143.59999999999985,143.69999999999985,-37.39999999999998,-37.299999999999976,1
143.64999999999986,-37.049999999999976,143.59999999999985,143.69999999999985,-37.09999999999997,-36.99999999999997,1
143.64999999999986,-36.04999999999996,143.59999999999985,143.69999999999985,-36.09999999999996,-35.99999999999996,1
143.64999999999986,-35.84999999999996,143.59999999999985,143.69999999999985,-35.899999999999956,-35.799999999999955,1
143.64999999999986,-35.44999999999995,143.59999999999985,143.69999999999985,-35.49999999999995,-35.39999999999995,8
143.74999999999986,-38.55,143.69999999999985,143.79999999999984,-38.599999999999994,-38.49999999999999,1
143.74999999999986,-38.449999999999996,143.69999999999985,143.79999999999984,-38.49999999999999,-38.39999999999999,1
143.74999999999986,-36.64999999999997,143.69999999999985,143.79999999999984,-36.69999999999997,-36.599999999999966,1
143.74999999999986,-36.249999999999964,143.69999999999985,143.79999999999984,-36.29999999999996,-36.19999999999996,2
143.74999999999986,-36.14999999999996,143.69999999999985,143.79999999999984,-36.19999999999996,-36.09999999999996,1
143.74999999999986,-35.84999999999996,143.69999999999985,143.79999999999984,-35.899999999999956,-35.799999999999955,1
143.74999999999986,-35.649999999999956,143.69999999999985,143.79999999999984,-35.69999999999995,-35.59999999999995,1
143.74999999999986,-35.549999999999955,143.69999999999985,143.79999999999984,-35.59999999999995,-35.49999999999995,1
143.74999999999986,-35.44999999999995,143.69999999999985,143.79999999999984,-35.49999999999995,-35.39999999999995,2
143.84999999999985,-37.24999999999998,143.79999999999984,143.89999999999984,-37.299999999999976,-37.199999999999974,1
143.84999999999985,-36.349999999999966,143.79999999999984,143.89999999999984,-36.39999999999996,-36.29999999999996,1
143.84999999999985,-35.94999999999996,143.79999999999984,143.89999999999984,-35.99999999999996,-35.899999999999956,1
143.84999999999985,-35.84999999999996,143.79999999999984,143.89999999999984,-35.899999999999956,-35.799999999999955,3
143.84999999999985,-35.74999999999996,143.79999999999984,143.89999999999984,-35.799999999999955,-35.69999999999995,1
143.84999999999985,-35.649999999999956,143.79999999999984,143.89999999999984,-35.69999999999995,-35.59999999999995,2
143.84999999999985,-35.549999999999955,143.79999999999984,143.89999999999984,-35.59999999999995,-35.49999999999995,1
143.94999999999985,-38.24999999999999,143.89999999999984,143.99999999999983,-38.29999999999999,-38.19999999999999,1
143.94999999999985,-37.34999999999998,143.89999999999984,143.99999999999983,-37.39999999999998,-37.299999999999976,1
143.94999999999985,-37.049999999999976,143.89999999999984,143.99999999999983,-37.09999999999997,-36.99999999999997,2
143.94999999999985,-35.84999999999996,143.89999999999984,143.99999999999983,-35.899999999999956,-35.799999999999955,1
143.94999999999985,-35.549999999999955,143.89999999999984,143.99999999999983,-35.59999999999995,-35.49999999999995,2
144.04999999999984,-38.449999999999996,143.99999999999983,144.09999999999982,-38.49999999999999,-38.39999999999999,1
144.04999999999984,-36.54999999999997,143.99999999999983,144.09999999999982,-36.599999999999966,-36.499999999999964,2
144.04999999999984,-36.349999999999966,143.99999999999983,144.09999999999982,-36.39999999999996,-36.29999999999996,2
144.04999999999984,-35.94999999999996,143.99999999999983,144.09999999999982,-35.99999999999996,-35.899999999999956,5
144.04999999999984,-35.74999999999996,143.99999999999983,144.09999999999982,-35.799999999999955,-35.69999999999995,1
144.04999999999984,-35.649999999999956,143.99999999999983,144.09999999999982,-35.69999999999995,-35.59999999999995,1
144.14999999999984,-38.24999999999999,144.09999999999982,144.19999999999982,-38.29999999999999,-38.19999999999999,2
144.14999999999984,-36.44999999999997,144.09999999999982,144.19999999999982,-36.499999999999964,-36.39999999999996,2
144.14999999999984,-36.249999999999964,144.09999999999982,144.19999999999982,-36.29999999999996,-36.19999999999996,2
144.14999999999984,-35.94999999999996,144.09999999999982,144.19999999999982,-35.99999999999996,-35.899999999999956,4
144.14999999999984,-35.84999999999996,144.09999999999982,144.19999999999982,-35.899999999999956,-35.799999999999955,2
144.14999999999984,-35.74999999999996,144.09999999999982,144.19999999999982,-35.799999999999955,-35.69999999999995,2
144.14999999999984,-35.649999999999956,144.09999999999982,144.19999999999982,-35.69999999999995,-35.59999999999995,2
144.24999999999983,-36.74999999999997,144.19999999999982,144.2999999999998,-36.79999999999997,-36.69999999999997,1
144.24999999999983,-36.44999999999997,144.19999999999982,144.2999999999998,-36.499999999999964,-36.39999999999996,1
144.24999999999983,-35.84999999999996,144.19999999999982,144.2999999999998,-35.899999999999956,-35.799999999999955,1
144.24999999999983,-35.74999999999996,144.19999999999982,144.2999999999998,-35.799999999999955,-35.69999999999995,1
144.34999999999982,-36.44999999999997,144.2999999999998,144.3999999999998,-36.499999999999964,-36.39999999999996,2
144.34999999999982,-36.349999999999966,144.2999999999998,144.3999999999998,-36.39999999999996,-36.29999999999996,3
144.34999999999982,-35.94999999999996,144.2999999999998,144.3999999999998,-35.99999999999996,-35.899999999999956,1
144.44999999999982,-36.54999999999997,144.3999999999998,144.4999999999998,-36.599999999999966,-36.499999999999964,2
144.44999999999982,-36.349999999999966,144.3999999999998,144.4999999999998,-36.39999999999996,-36.29999999999996,6
144.44999999999982,-36.249999999999964,144.3999999999998,144.4999999999998,-36.29999999999996,-36.19999999999996,1
144.5499999999998,-36.64999999999997,144.4999999999998,144.5999999999998,-36.69999999999997,-36.599999999999966,1
144.5499999999998,-36.349999999999966,144.4999999999998,144.5999999999998,-36.39999999999996,-36.29999999999996,2
144.5499999999998,-36.249999999999964,144.4999999999998,144.5999999999998,-36.29999999999996,-36.19999999999996,10
144.5499999999998,-36.14999999999996,144.4999999999998,144.5999999999998,-36.19999999999996,-36.09999999999996,8
144.6499999999998,-37.749999999999986,144.5999999999998,144.6999999999998,-37.79999999999998,-37.69999999999998,1
144.6499999999998,-37.54999999999998,144.5999999999998,144.6999999999998,-37.59999999999998,-37.49999999999998,1
144.6499999999998,-37.049999999999976,144.5999999999998,144.6999999999998,-37.09999999999997,-36.99999999999997,2
144.6499999999998,-36.44999999999997,144.5999999999998,144.6999999999998,-36.499999999999964,-36.39999999999996,2
144.6499999999998,-36.349999999999966,144.5999999999998,144.6999999999998,-36.39999999999996,-36.29999999999996,19
144.6499999999998,-36.249999999999964,144.5999999999998,144.6999999999998,-36.29999999999996,-36.19999999999996,16
144.6499999999998,-36.14999999999996,144.5999999999998,144.6999999999998,-36.19999999999996,-36.09999999999996,1
144.7499999999998,-38.349999999999994,144.6999999999998,144.79999999999978,-38.39999999999999,-38.29999999999999,1
144.7499999999998,-36.349999999999966,144.6999999999998,144.79999999999978,-36.39999999999996,-36.29999999999996,7
144.7499999999998,-36.249999999999964,144.6999999999998,144.79999999999978,-36.29999999999996,-36.19999999999996,4
144.8499999999998,-38.449999999999996,144.79999999999978,144.89999999999978,-38.49999999999999,-38.39999999999999,1
144.8499999999998,-38.349999999999994,144.79999999999978,144.89999999999978,-38.39999999999999,-38.29999999999999,1
144.8499999999998,-36.64999999999997,144.79999999999978,144.89999999999978,-36.69999999999997,-36.599999999999966,2
144.8499999999998,-36.54999999999997,144.79999999999978,144.89999999999978,-36.599999999999966,-36.499999999999964,1
144.8499999999998,-36.44999999999997,144.79999999999978,144.89999999999978,-36.499999999999964,-36.39999999999996,1
144.8499999999998,-36.349999999999966,144.79999999999978,144.89999999999978,-36.39999999999996,-36.29999999999996,2
144.8499999999998,-36.249999999999964,144.79999999999978,144.89999999999978,-36.29999999999996,-36.19999999999996,9
144.8499999999998,-36.14999999999996,144.79999999999978,144.89999999999978,-36.19999999999996,-36.09999999999996,2
144.9499999999998,-37.54999999999998,144.89999999999978,144.99999999999977,-37.59999999999998,-37.49999999999998,1
144.9499999999998,-37.24999999999998,144.89999999999978,144.99999999999977,-37.299999999999976,-37.199999999999974,1
144.9499999999998,-36.44999999999997,144.89999999999978,144.99999999999977,-36.499999999999964,-36.39999999999996,20
144.9499999999998,-36.349999999999966,144.89999999999978,144.99999999999977,-36.39999999999996,-36.29999999999996,18
144.9499999999998,-36.249999999999964,144.89999999999978,144.99999999999977,-36.29999999999996,-36.19999999999996,17
144.9499999999998,-36.14999999999996,144.89999999999978,144.99999999999977,-36.19999999999996,-36.09999999999996,1
144.9499999999998,-36.04999999999996,144.89999999999978,144.99999999999977,-36.09999999999996,-35.99999999999996,1
145.04999999999978,-36.44999999999997,144.99999999999977,145.09999999999977,-36.499999999999964,-36.39999999999996,11
145.04999999999978,-36.349999999999966,144.99999999999977,145.09999999999977,-36.39999999999996,-36.29999999999996,7
145.04999999999978,-36.249999999999964,144.99999999999977,145.09999999999977,-36.29999999999996,-36.19999999999996,27
145.04999999999978,-36.14999999999996,144.99999999999977,145.09999999999977,-36.19999999999996,-36.09999999999996,8
145.04999999999978,-35.94999999999996,144.99999999999977,145.09999999999977,-35.99999999999996,-35.899999999999956,5
145.14999999999978,-36.949999999999974,145.09999999999977,145.19999999999976,-36.99999999999997,-36.89999999999997,1
145.14999999999978,-36.74999999999997,145.09999999999977,145.19999999999976,-36.79999999999997,-36.69999999999997,2
145.14999999999978,-36.54999999999997,145.09999999999977,145.19999999999976,-36.599999999999966,-36.499999999999964,3
145.14999999999978,-36.44999999999997,145.09999999999977,145.19999999999976,-36.499999999999964,-36.39999999999996,18
145.14999999999978,-36.349999999999966,145.09999999999977,145.19999999999976,-36.39999999999996,-36.29999999999996,22
145.14999999999978,-35.84999999999996,145.09999999999977,145.19999999999976,-35.899999999999956,-35.799999999999955,3
145.24999999999977,-38.14999999999999,145.19999999999976,145.29999999999976,-38.19999999999999,-38.09999999999999,1
145.24999999999977,-37.049999999999976,145.19999999999976,145.29999999999976,-37.09999999999997,-36.99999999999997,1
145.24999999999977,-36.64999999999997,145.19999999999976,145.29999999999976,-36.69999999999997,-36.599999999999966,3
145.24999999999977,-36.54999999999997,145.19999999999976,145.29999999999976,-36.599999999999966,-36.499999999999964,6
145.24999999999977,-36.44999999999997,145.19999999999976,145.29999999999976,-36.499999999999964,-36.39999999999996,16
145.24999999999977,-36.349999999999966,145.19999999999976,145.29999999999976,-36.39999999999996,-36.29999999999996,24
145.24999999999977,-36.14999999999996,145.19999999999976,145.29999999999976,-36.19999999999996,-36.09999999999996,1
145.24999999999977,-36.04999999999996,145.19999999999976,145.29999999999976,-36.09999999999996,-35.99999999999996,16
145.34999999999977,-38.349999999999994,145.29999999999976,145.39999999999975,-38.39999999999999,-38.29999999999999,1
145.34999999999977,-38.24999999999999,145.29999999999976,145.39999999999975,-38.29999999999999,-38.19999999999999,1
145.34999999999977,-37.84999999999999,145.29999999999976,145.39999999999975,-37.899999999999984,-37.79999999999998,1
145.34999999999977,-36.74999999999997,145.29999999999976,145.39999999999975,-36.79999999999997,-36.69999999999997,1
145.34999999999977,-36.44999999999997,145.29999999999976,145.39999999999975,-36.499999999999964,-36.39999999999996,2
145.34999999999977,-36.349999999999966,145.29999999999976,145.39999999999975,-36.39999999999996,-36.29999999999996,11
145.34999999999977,-36.249999999999964,145.29999999999976,145.39999999999975,-36.29999999999996,-36.19999999999996,6
145.34999999999977,-35.84999999999996,145.29999999999976,145.39999999999975,-35.899999999999956,-35.799999999999955,1
145.44999999999976,-37.84999999999999,145.39999999999975,145.49999999999974,-37.899999999999984,-37.79999999999998,1
145.44999999999976,-37.749999999999986,145.39999999999975,145.49999999999974,-37.79999999999998,-37.69999999999998,1
145.44999999999976,-36.64999999999997,145.39999999999975,145.49999999999974,-36.69999999999997,-36.599999999999966,1
145.44999999999976,-36.44999999999997,145.39999999999975,145.49999999999974,-36.499999999999964,-36.39999999999996,17
145.44999999999976,-36.349999999999966,145.39999999999975,145.49999999999974,-36.39999999999996,-36.29999999999996,10
145.44999999999976,-36.249999999999964,145.39999999999975,145.49999999999974,-36.29999999999996,-36.19999999999996,4
145.44999999999976,-36.14999999999996,145.39999999999975,145.49999999999974,-36.19999999999996,-36.09999999999996,1
145.44999999999976,-36.04999999999996,145.39999999999975,145.49999999999974,-36.09999999999996,-35.99999999999996,21
145.44999999999976,-35.84999999999996,145.39999999999975,145.49999999999974,-35.899999999999956,-35.799999999999955,1
145.54999999999976,-36.74999999999997,145.49999999999974,145.59999999999974,-36.79999999999997,-36.69999999999997,1
145.54999999999976,-36.249999999999964,145.49999999999974,145.59999999999974,-36.29999999999996,-36.19999999999996,2
145.54999999999976,-36.14999999999996,145.49999999999974,145.59999999999974,-36.19999999999996,-36.09999999999996,14
145.54999999999976,-36.04999999999996,145.49999999999974,145.59999999999974,-36.09999999999996,-35.99999999999996,2
145.54999999999976,-35.94999999999996,145.49999999999974,145.59999999999974,-35.99999999999996,-35.899999999999956,6
145.54999999999976,-35.84999999999996,145.49999999999974,145.59999999999974,-35.899999999999956,-35.799999999999955,3
145.64999999999975,-36.74999999999997,145.59999999999974,145.69999999999973,-36.79999999999997,-36.69999999999997,1
145.64999999999975,-36.54999999999997,145.59999999999974,145.69999999999973,-36.599999999999966,-36.499999999999964,1
145.64999999999975,-36.249999999999964,145.59999999999974,145.69999999999973,-36.29999999999996,-36.19999999999996,1
145.64999999999975,-36.14999999999996,145.59999999999974,145.69999999999973,-36.19999999999996,-36.09999999999996,3
145.64999999999975,-36.04999999999996,145.59999999999974,145.69999999999973,-36.09999999999996,-35.99999999999996,3
145.64999999999975,-35.94999999999996,145.59999999999974,145.69999999999973,-35.99999999999996,-35.899999999999956,1
145.74999999999974,-38.65,145.69999999999973,145.79999999999973,-38.699999999999996,-38.599999999999994,2
145.84999999999974,-38.14999999999999,145.79999999999973,145.89999999999972,-38.19999999999999,-38.09999999999999,1
145.84999999999974,-36.64999999999997,145.79999999999973,145.89999999999972,-36.69999999999997,-36.599999999999966,1
145.84999999999974,-35.94999999999996,145.79999999999973,145.89999999999972,-35.99999999999996,-35.899999999999956,1
145.94999999999973,-36.74999999999997,145.89999999999972,145.99999999999972,-36.79999999999997,-36.69999999999997,2
145.94999999999973,-36.54999999999997,145.89999999999972,145.99999999999972,-36.599999999999966,-36.499999999999964,1
146.04999999999973,-36.04999999999996,145.99999999999972,146.0999999999997,-36.09999999999996,-35.99999999999996,1
146.14999999999972,-36.64999999999997,146.0999999999997,146.1999999999997,-36.69999999999997,-36.599999999999966,1
146.14999999999972,-36.54999999999997,146.0999999999997,146.1999999999997,-36.599999999999966,-36.499999999999964,1
146.14999999999972,-36.04999999999996,146.0999999999997,146.1999999999997,-36.09999999999996,-35.99999999999996,1
146.24999999999972,-36.64999999999997,146.1999999999997,146.2999999999997,-36.69999999999997,-36.599999999999966,1
146.3499999999997,-36.44999999999997,146.2999999999997,146.3999999999997,-36.499999999999964,-36.39999999999996,1
146.3499999999997,-36.349999999999966,146.2999999999997,146.3999999999997,-36.39999999999996,-36.29999999999996,1
146.3499999999997,-36.249999999999964,146.2999999999997,146.3999999999997,-36.29999999999996,-36.19999999999996,2
146.3499999999997,-36.14999999999996,146.2999999999997,146.3999999999997,-36.19999999999996,-36.09999999999996,1
146.4499999999997,-36.44999999999997,146.3999999999997,146.4999999999997,-36.499999999999964,-36.39999999999996,1
146.4499999999997,-36.249999999999964,146.3999999999997,146.4999999999997,-36.29999999999996,-36.19999999999996,1
146.4499999999997,-36.04999999999996,146.3999999999997,146.4999999999997,-36.09999999999996,-35.99999999999996,3
146.4499999999997,-35.94999999999996,146.3999999999997,146.4999999999997,-35.99999999999996,-35.899999999999956,1
146.5499999999997,-36.54999999999997,146.4999999999997,146.59999999999968,-36.599999999999966,-36.499999999999964,1
146.5499999999997,-35.94999999999996,146.4999999999997,146.59999999999968,-35.99999999999996,-35.899999999999956,1
146.6499999999997,-36.44999999999997,146.59999999999968,146.69999999999968,-36.499999999999964,-36.39999999999996,1
146.6499999999997,-36.14999999999996,146.59999999999968,146.69999999999968,-36.19999999999996,-36.09999999999996,1
146.7499999999997,-38.04999999999999,146.69999999999968,146.79999999999967,-38.09999999999999,-37.999999999999986,1
146.7499999999997,-37.94999999999999,146.69999999999968,146.79999999999967,-37.999999999999986,-37.899999999999984,2
146.7499999999997,-36.14999999999996,146.69999999999968,146.79999999999967,-36.19999999999996,-36.09999999999996,2
146.84999999999968,-38.65,146.79999999999967,146.89999999999966,-38.699999999999996,-38.599999999999994,1
146.84999999999968,-38.04999999999999,146.79999999999967,146.89999999999966,-38.09999999999999,-37.999999999999986,3
146.84999999999968,-36.44999999999997,146.79999999999967,146.89999999999966,-36.499999999999964,-36.39999999999996,1
147.04999999999967,-36.74999999999997,146.99999999999966,147.09999999999965,-36.79999999999997,-36.69999999999997,1
147.14999999999966,-38.14999999999999,147.09999999999965,147.19999999999965,-38.19999999999999,-38.09999999999999,3
147.14999999999966,-38.04999999999999,147.09999999999965,147.19999999999965,-38.09999999999999,-37.999999999999986,1
147.14999999999966,-36.249999999999964,147.09999999999965,147.19999999999965,-36.29999999999996,-36.19999999999996,1
147.24999999999966,-37.749999999999986,147.19999999999965,147.29999999999964,-37.79999999999998,-37.69999999999998,1
147.24999999999966,-36.44999999999997,147.19999999999965,147.29999999999964,-36.499999999999964,-36.39999999999996,1
147.34999999999965,-38.04999999999999,147.29999999999964,147.39999999999964,-38.09999999999999,-37.999999999999986,1
147.44999999999965,-35.94999999999996,147.39999999999964,147.49999999999963,-35.99999999999996,-35.899999999999956,1
147.74999999999963,-35.94999999999996,147.69999999999962,147.7999999999996,-35.99999999999996,-35.899999999999956,1
147.84999999999962,-36.04999999999996,147.7999999999996,147.8999999999996,-36.09999999999996,-35.99999999999996,1
147.94999999999962,-36.14999999999996,147.8999999999996,147.9999999999996,-36.19999999999996,-36.09999999999996,1
