Lon,Lat,PermitCount,Intensity
140.875,-37.850000000000016,1,1.0399084956375375
140.875,-36.65000000000003,1,1.5618078790581218
140.95000000000002,-38.000000000000014,2,2.812216219248241
140.95000000000002,-37.70000000000002,1,1.8692099916702791
141.025,-37.55000000000002,1,1.1083281083826777
141.025,-37.25000000000002,2,2.8239917091150932
141.025,-36.950000000000024,3,3.2160676527292567
140.95000000000002,-36.800000000000026,1,1.6349027926822304
141.025,-35.15000000000004,1,1.3041557331092248
140.95000000000002,-35.00000000000004,2,2.134948732828187
141.10000000000002,-37.10000000000002,2,2.5059065275665735
141.175,-36.35000000000003,1,1.6561636620332219
141.10000000000002,-34.700000000000045,1,1.3991087327144303
141.25000000000003,-37.10000000000002,1,1.5001381468110488
141.32500000000002,-36.950000000000024,1,1.3577419108672253
141.25000000000003,-34.10000000000005,2,2.0243446326180603
141.40000000000003,-37.10000000000002,1,1.223244825271613
141.40000000000003,-36.800000000000026,2,2.898209696952486
141.47500000000002,-36.65000000000003,1,1.488317318880305
141.40000000000003,-35.30000000000004,1,1.6934817854012694
141.40000000000003,-34.10000000000005,1,1.191923939619127
141.55000000000004,-37.40000000000002,3,3.4039505887122097
141.85000000000005,-36.800000000000026,1,1.3648227688445216
141.92500000000004,-36.35000000000003,1,1.964231093827156
141.92500000000004,-36.05000000000003,1,1.6037553332016046
141.85000000000005,-34.40000000000005,1,1.3644329672920903
142.00000000000006,-37.40000000000002,2,2.864526394619678
142.00000000000006,-37.10000000000002,3,3.811204050146161
142.07500000000005,-36.950000000000024,2,2.283371748589202
142.00000000000006,-36.20000000000003,2,2.8281869696461417
142.07500000000005,-34.25000000000005,3,3.268216675545168
142.22500000000005,-36.950000000000024,2,2.4577126388975468
142.22500000000005,-35.15000000000004,2,2.703825448624257
142.22500000000005,-34.25000000000005,3,3.613860137051865
142.15000000000006,-34.10000000000005,7,7.627869644964736
142.37500000000006,-37.25000000000002,1,1.0509470052088865
142.37500000000006,-36.950000000000024,1,1.9607882196951263
142.30000000000007,-36.800000000000026,1,1.5951517423345156
142.30000000000007,-34.40000000000005,3,3.894242669173156
142.45000000000007,-38.30000000000001,1,1.4099367320197977
142.52500000000006,-38.15000000000001,1,1.6394353615793782
142.52500000000006,-37.55000000000002,3,3.305083909381418
142.45000000000007,-36.50000000000003,1,1.032814207854854
142.45000000000007,-34.700000000000045,1,1.6137322220840011
142.45000000000007,-34.40000000000005,1,1.1917042380691518
142.67500000000007,-38.15000000000001,1,1.1810379555320987
142.60000000000008,-37.70000000000002,4,4.454293315799575
142.67500000000007,-37.55000000000002,1,1.4341801120138076
142.60000000000008,-37.10000000000002,1,1.1943791833020432
142.60000000000008,-36.50000000000003,1,1.4220718384982889
142.67500000000007,-34.850000000000044,1,1.8455193743799132
142.75000000000009,-38.30000000000001,2,2.9366854583654796
142.82500000000007,-37.55000000000002,1,1.5862348583975825
142.82500000000007,-36.65000000000003,1,1.996466226502281
142.82500000000007,-35.45000000000004,1,1.9491452961646063
142.82500000000007,-34.55000000000005,1,1.6659237359825352
142.97500000000008,-37.55000000000002,1,1.9558570780376598
142.9000000000001,-37.10000000000002,1,1.6268283610358938
142.97500000000008,-36.950000000000024,2,2.667905402075606
142.9000000000001,-36.50000000000003,1,1.874078662501118
142.9000000000001,-35.60000000000004,1,1.7143556121701424
142.97500000000008,-34.850000000000044,1,1.728892170114294
142.9000000000001,-34.700000000000045,1,1.763560356780709
143.12500000000009,-37.25000000000002,1,1.9619429425705937
143.0500000000001,-36.800000000000026,1,1.3579900380112613
143.0500000000001,-36.50000000000003,1,1.3889562264648045
143.0500000000001,-35.00000000000004,1,1.2187361019136038
143.2000000000001,-38.60000000000001,5,5.294220162434115
143.2750000000001,-36.950000000000024,2,2.444921296196717
143.2000000000001,-34.700000000000045,1,1.0471251503603636
143.3500000000001,-38.60000000000001,1,1.8477561880092934
143.4250000000001,-38.45000000000001,1,1.813239370445512
143.3500000000001,-38.000000000000014,3,3.1885992710015936
143.4250000000001,-37.850000000000016,2,2.7448574668158443
143.4250000000001,-36.950000000000024,1,1.3877498821252903
143.4250000000001,-36.35000000000003,1,1.1354081345978582
143.3500000000001,-35.00000000000004,1,1.9731977128379135
143.5750000000001,-38.45000000000001,1,1.0084980094535396
143.5750000000001,-37.25000000000002,2,2.2162630221855624
143.5750000000001,-36.950000000000024,1,1.2174245200697942
143.5000000000001,-36.800000000000026,1,1.1470230913739925
143.5750000000001,-36.65000000000003,2,2.4753607623310643
143.5750000000001,-35.750000000000036,1,1.5365302028581245
143.5750000000001,-35.45000000000004,5,5.248412390879692
143.5000000000001,-35.30000000000004,3,3.5740838705532796
143.7250000000001,-38.45000000000001,2,2.7258629870086497
143.7250000000001,-36.65000000000003,1,1.467583824815501
143.65000000000012,-36.20000000000003,1,1.8085156296430527
143.7250000000001,-36.05000000000003,1,1.5523759335623502
143.65000000000012,-35.900000000000034,1,1.7571023157027121
143.7250000000001,-35.750000000000036,1,1.0113843988484912
143.65000000000012,-35.60000000000004,3,3.1401113659620927
143.7250000000001,-35.45000000000004,3,3.3324982051131684
143.7250000000001,-34.55000000000005,2,2.3779826682266085
143.8750000000001,-37.25000000000002,1,1.2749707960074226
143.80000000000013,-36.20000000000003,3,3.3378652309252534
143.80000000000013,-35.900000000000034,1,1.454088731374263
143.8750000000001,-35.750000000000036,5,5.977846764568884
143.80000000000013,-35.60000000000004,2,2.899282174610496
143.80000000000013,-34.40000000000005,1,1.455015505869171
144.02500000000012,-38.45000000000001,1,1.8515439281481783
144.02500000000012,-38.15000000000001,1,1.8413130196190177
143.95000000000013,-37.40000000000002,1,1.2613115394362224
143.95000000000013,-37.10000000000002,2,2.5688395718356776
144.02500000000012,-36.35000000000003,2,2.694591127563264
144.02500000000012,-36.05000000000003,5,5.231082310041698
143.95000000000013,-35.900000000000034,2,2.860936988229558
144.02500000000012,-35.750000000000036,3,3.715856360932639
143.95000000000013,-35.60000000000004,1,1.4529750950276392
144.10000000000014,-38.30000000000001,1,1.4178419427413125
144.10000000000014,-36.50000000000003,2,2.7022189098179346
144.17500000000013,-36.35000000000003,2,2.102165946954815
144.10000000000014,-36.20000000000003,2,2.3315303581073117
144.10000000000014,-35.900000000000034,3,3.5164226797770803
144.17500000000013,-35.750000000000036,3,3.3642109924997343
144.10000000000014,-35.60000000000004,1,1.9053996709704761
144.10000000000014,-35.30000000000004,1,1.5363163856568929
144.17500000000013,-34.55000000000005,1,1.276819750046768
144.25000000000014,-38.30000000000001,1,1.7161349241404333
144.25000000000014,-36.800000000000026,1,1.2602614760122703
144.25000000000014,-36.50000000000003,3,3.7868754399965643
144.32500000000013,-36.35000000000003,2,2.4368616679737882
144.25000000000014,-35.900000000000034,3,3.1940517537561792
144.47500000000014,-36.65000000000003,2,2.668316171526755
144.40000000000015,-36.50000000000003,1,1.5396352883860902
144.47500000000014,-36.35000000000003,7,7.667995080556465
144.40000000000015,-36.20000000000003,5,5.948984666158272
144.40000000000015,-35.900000000000034,1,1.1189624316422995
144.62500000000014,-37.55000000000002,1,1.7856904657027162
144.62500000000014,-36.65000000000003,1,1.4114904762905311
144.62500000000014,-36.35000000000003,28,28.988646834034913
144.55000000000015,-36.20000000000003,20,20.59269365041245
144.77500000000015,-38.45000000000001,1,1.8783282161299688
144.70000000000016,-38.30000000000001,1,1.7504548149919303
144.70000000000016,-37.70000000000002,1,1.7130362446894387
144.70000000000016,-37.10000000000002,2,2.4600678551417197
144.77500000000015,-36.65000000000003,2,2.2376960018337604
144.77500000000015,-36.35000000000003,10,10.148775560113119
144.70000000000016,-36.20000000000003,6,6.529154675011988
144.70000000000016,-35.00000000000004,1,1.1092592633737497
144.77500000000015,-34.55000000000005,1,1.366566065654991
144.92500000000015,-38.45000000000001,1,1.9780158356113227
144.92500000000015,-37.55000000000002,1,1.0150296730606163
144.92500000000015,-37.25000000000002,1,1.0045963090866863
144.85000000000016,-36.50000000000003,1,1.2690210285718795
144.92500000000015,-36.35000000000003,35,35.12687030505176
144.85000000000016,-36.20000000000003,12,12.097392569422999
144.85000000000016,-35.30000000000004,1,1.4283111953911236
145.07500000000016,-36.950000000000024,1,1.0834771454369585
145.00000000000017,-36.50000000000003,23,23.465157150848434
145.07500000000016,-36.35000000000003,24,24.7421408004676
145.00000000000017,-36.20000000000003,34,34.34834159854014
145.07500000000016,-36.05000000000003,1,1.194768487069279
145.00000000000017,-35.900000000000034,3,3.8638100200395513
145.07500000000016,-34.55000000000005,1,1.6308966408102803
145.22500000000016,-38.15000000000001,1,1.150595449140295
145.15000000000018,-36.800000000000026,1,1.354007884946016
145.22500000000016,-36.65000000000003,2,2.738584114925613
145.15000000000018,-36.50000000000003,17,17.368508059663952
145.22500000000016,-36.35000000000003,35,35.26548421893328
145.15000000000018,-36.20000000000003,11,11.499082772731517
145.22500000000016,-36.05000000000003,11,11.662677628760612
145.15000000000018,-35.900000000000034,1,1.4685779704414976
145.22500000000016,-34.55000000000005,1,1.8302358148261915
145.15000000000018,-34.40000000000005,1,1.5141587624132145
145.30000000000018,-38.30000000000001,1,1.8884561888734812
145.37500000000017,-38.15000000000001,1,1.4826428202543052
145.37500000000017,-37.850000000000016,2,2.3034768949162285
145.30000000000018,-37.10000000000002,1,1.1091097121135898
145.37500000000017,-36.65000000000003,3,3.5705370717799307
145.30000000000018,-36.50000000000003,25,25.07967907788987
145.37500000000017,-36.35000000000003,19,19.755256988344478
145.30000000000018,-36.20000000000003,5,5.159413847436582
145.37500000000017,-36.05000000000003,12,12.315614537258416
145.30000000000018,-35.900000000000034,1,1.9022478220867245
145.4500000000002,-37.70000000000002,1,1.3874297366250876
145.52500000000018,-36.65000000000003,1,1.0482334039843066
145.4500000000002,-36.50000000000003,3,3.9136231334604097
145.52500000000018,-36.35000000000003,15,15.23236302947152
145.4500000000002,-36.20000000000003,7,7.119630937008779
145.52500000000018,-36.05000000000003,12,12.756464366728276
145.4500000000002,-35.900000000000034,8,8.788667790927985
145.4500000000002,-34.10000000000005,1,1.1425315724320604
145.6000000000002,-36.800000000000026,1,1.671219757053794
145.6000000000002,-36.50000000000003,2,2.331632669249692
145.6000000000002,-36.20000000000003,20,20.932014229580123
145.67500000000018,-36.05000000000003,4,4.3527498171924615
145.6000000000002,-35.60000000000004,1,1.7473244829504062
145.7500000000002,-38.60000000000001,2,2.484899832482598
145.8250000000002,-38.15000000000001,1,1.3313214894654108
145.7500000000002,-36.800000000000026,1,1.3857600483101322
145.8250000000002,-36.65000000000003,1,1.3526294899716735
145.7500000000002,-35.900000000000034,1,1.0068081975196645
145.9750000000002,-36.65000000000003,2,2.1016380315351864
145.9750000000002,-36.05000000000003,1,1.7424731930200859
145.9750000000002,-34.55000000000005,1,1.4251680878931183
146.1250000000002,-36.65000000000003,1,1.8938762116414731
146.0500000000002,-36.50000000000003,1,1.1957750491098607
146.1250000000002,-36.05000000000003,2,2.8157971199876135
146.2750000000002,-36.65000000000003,2,2.1529307510259335
146.35000000000022,-36.50000000000003,1,1.1962392081608557
146.4250000000002,-36.35000000000003,2,2.349614067396529
146.35000000000022,-36.20000000000003,2,2.834660592055948
146.4250000000002,-36.05000000000003,4,4.456133451502963
146.50000000000023,-36.50000000000003,1,1.7776116101942065
146.50000000000023,-36.20000000000003,2,2.2169493640624607
146.72500000000022,-38.15000000000001,1,1.721297301391414
146.65000000000023,-36.50000000000003,1,1.0471788910048088
146.65000000000023,-36.20000000000003,2,2.8967083260200206
146.72500000000022,-34.850000000000044,1,1.946461668727825
146.80000000000024,-38.60000000000001,1,1.5521641014177578
146.87500000000023,-38.15000000000001,1,1.0007104092081893
146.80000000000024,-38.000000000000014,2,2.1291383543580342
146.87500000000023,-36.35000000000003,1,1.936198230259682
146.80000000000024,-36.20000000000003,1,1.2387270144967348
146.95000000000024,-38.000000000000014,2,2.9115226945664348
146.95000000000024,-36.800000000000026,1,1.5154952215358168
147.17500000000024,-38.15000000000001,3,3.7187149171435707
147.10000000000025,-38.000000000000014,1,1.532255095569691
147.17500000000024,-36.35000000000003,1,1.08487165475709
147.10000000000025,-36.20000000000003,1,1.9372303651353282
147.25000000000026,-37.70000000000002,1,1.1549388685722208
147.40000000000026,-38.000000000000014,1,1.9050168721679048
147.47500000000025,-35.15000000000004,1,1.1138132700528272
147.92500000000027,-33.95000000000005,1,1.849992532075976
148.00000000000028,-36.20000000000003,1,1.1884134693940673
148.4500000000003,-34.10000000000005,1,1.7696205526688749
