Year,Month,MaxTemp
1910,1,25.38064516129032
1910,2,26.514285714285712
1910,3,23.94516129032258
1910,4,21.253333333333334
1910,5,17.783870967741933
1910,6,14.646666666666667
1910,7,12.916129032258064
1910,8,15.09032258064516
1910,9,16.67
1910,10,16.97741935483871
1910,11,22.1
1910,12,21.951612903225808
1911,1,24.383870967741935
1911,2,23.82857142857143
1911,3,21.799999999999997
1911,4,19.02
1911,5,16.73548387096774
1911,6,12.336666666666668
1911,7,12.893548387096773
1911,8,15.693548387096774
1911,9,16.49
1911,10,18.138709677419353
1911,11,22.759999999999998
1911,12,21.51290322580645
1912,1,24.677419354838708
1912,2,25.772413793103446
1912,3,23.80322580645161
1912,4,18.936666666666667
1912,5,17.429032258064513
1912,6,14.206666666666667
1912,7,13.293548387096775
1912,8,15.203225806451613
1912,9,16.613333333333333
1912,10,19.16774193548387
1912,11,20.0
1912,12,21.261290322580646
1913,1,23.65806451612903
1913,2,25.24642857142857
1913,3,20.56451612903226
1913,4,21.303333333333335
1913,5,15.341935483870968
1913,6,13.646666666666667
1913,7,13.880645161290323
1913,8,13.751612903225807
1913,9,16.263333333333332
1913,10,19.0258064516129
1913,11,19.523333333333333
1913,12,25.567741935483873
1914,1,24.509677419354837
1914,2,27.335714285714285
1914,3,24.712903225806453
1914,4,20.69333333333333
1914,5,17.27741935483871
1914,6,14.963333333333333
1914,7,12.887096774193548
1914,8,15.587096774193547
1914,9,15.91
1914,10,22.44193548387097
1914,11,22.91
1914,12,22.41290322580645
1915,1,24.56451612903226
1915,2,24.724999999999998
1915,3,23.125806451612902
1915,4,19.959999999999997
1915,5,16.23548387096774
1915,6,13.973333333333333
1915,7,14.658064516129032
1915,8,14.235483870967743
1915,9,17.303333333333335
1915,10,17.938709677419357
1915,11,20.81
1915,12,22.074193548387097
1916,1,25.019354838709678
1916,2,23.86896551724138
1916,3,22.570967741935487
1916,4,19.36
1916,5,17.296774193548387
1916,6,13.55
1916,7,13.654838709677419
1916,8,14.096774193548388
1916,9,16.113333333333333
1916,10,17.87741935483871
1916,11,18.69333333333333
1916,12,22.72258064516129
1917,1,23.758064516129032
1917,2,22.560714285714287
1917,3,21.635483870967743
1917,4,18.273333333333333
1917,5,16.07741935483871
1917,6,13.476666666666667
1917,7,13.629032258064516
1917,8,14.73225806451613
1917,9,16.513333333333332
1917,10,18.419354838709676
1917,11,20.086666666666666
1917,12,24.580645161290324
1918,1,25.670967741935485
1918,2,24.717857142857145
1918,3,22.529032258064515
1918,4,19.293333333333333
1918,5,17.774193548387096
1918,6,14.446666666666665
1918,7,12.77741935483871
1918,8,15.274193548387096
1918,9,17.716666666666665
1918,10,17.529032258064515
1918,11,19.83
1918,12,23.741935483870968
1919,1,24.65806451612903
1919,2,26.889285714285712
1919,3,20.96451612903226
1919,4,22.503333333333334
1919,5,17.229032258064517
1919,6,14.046666666666665
1919,7,13.125806451612902
1919,8,15.016129032258064
1919,9,18.073333333333334
1919,10,19.822580645161292
1919,11,22.096666666666668
1919,12,24.4
1920,1,21.93548387096774
1920,2,26.00344827586207
1920,3,22.806451612903224
1920,4,19.626666666666665
1920,5,15.254838709677419
1920,6,14.19
1920,7,14.13225806451613
1920,8,13.74516129032258
1920,9,16.416666666666668
1920,10,19.11935483870968
1920,11,20.62
1920,12,24.083870967741937
1921,1,26.574193548387097
1921,2,26.396428571428572
1921,3,23.758064516129032
1921,4,21.18
1921,5,18.01290322580645
1921,6,14.513333333333332
1921,7,14.041935483870969
1921,8,13.83548387096774
1921,9,17.9
1921,10,18.20967741935484
1921,11,21.92
1921,12,21.038709677419355
1922,1,24.925806451612903
1922,2,26.27857142857143
1922,3,22.570967741935487
1922,4,21.373333333333335
1922,5,16.98709677419355
1922,6,14.093333333333334
1922,7,13.887096774193548
1922,8,13.612903225806452
1922,9,15.763333333333334
1922,10,18.809677419354838
1922,11,21.240000000000002
1922,12,23.616129032258065
1923,1,24.664516129032258
1923,2,23.95
1923,3,22.793548387096774
1923,4,22.783333333333335
1923,5,18.229032258064517
1923,6,14.34
1923,7,13.02258064516129
1923,8,14.077419354838709
1923,9,15.476666666666667
1923,10,18.019354838709678
1923,11,19.54
1923,12,22.56451612903226
1924,1,22.606451612903225
1924,2,22.851724137931036
1924,3,22.26451612903226
1924,4,17.706666666666667
1924,5,16.412903225806453
1924,6,12.6
1924,7,13.422580645161291
1924,8,14.519354838709678
1924,9,15.95
1924,10,18.46451612903226
1924,11,20.016666666666666
1924,12,21.748387096774195
1925,1,23.80322580645161
1925,2,23.646428571428572
1925,3,22.793548387096774
1925,4,21.673333333333336
1925,5,16.703225806451613
1925,6,14.09
1925,7,12.506451612903225
1925,8,13.874193548387098
1925,9,14.936666666666667
1925,10,20.17096774193548
1925,11,20.64333333333333
1925,12,22.05483870967742
1926,1,22.322580645161292
1926,2,26.817857142857143
1926,3,24.570967741935487
1926,4,20.576666666666664
1926,5,15.009677419354839
1926,6,14.213333333333333
1926,7,13.887096774193548
1926,8,13.86774193548387
1926,9,18.02
1926,10,19.129032258064516
1926,11,21.293333333333333
1926,12,24.154838709677417
1927,1,25.451612903225808
1927,2,24.65357142857143
1927,3,21.34333333333333
1927,4,18.2
1927,5,16.280645161290323
1927,6,13.370000000000001
1927,7,12.806451612903226
1927,8,13.793548387096774
1927,9,16.173333333333332
1927,10,20.206451612903226
1927,11,22.720000000000002
1927,12,24.551612903225806
1928,1,24.4
1928,2,24.179310344827588
1928,3,23.612903225806452
1928,4,21.64333333333333
1928,5,16.10967741935484
1928,6,13.2
1928,7,13.596774193548388
1928,8,15.887096774193548
1928,9,18.63
1928,10,17.29032258064516
1928,11,21.15
1928,12,23.92258064516129
1929,1,24.67096774193548
1929,2,26.428571428571427
1929,3,22.66774193548387
1929,4,19.043333333333333
1929,5,16.706451612903226
1929,6,13.393333333333334
1929,7,12.035483870967742
1929,8,13.619354838709677
1929,9,15.656666666666666
1929,10,17.861290322580647
1929,11,18.773333333333333
1929,12,21.103225806451615
1930,1,24.651612903225807
1930,2,26.896428571428572
1930,3,23.63225806451613
1930,4,20.009999999999998
1930,5,17.4
1930,6,14.233333333333333
1930,7,13.958064516129031
1930,8,13.632258064516128
1930,9,16.85
1930,10,20.10967741935484
1930,11,21.63
1930,12,22.62258064516129
1931,1,22.651612903225807
1931,2,24.275000000000002
1931,3,21.63225806451613
1931,4,18.413333333333334
1931,5,17.293548387096774
1931,6,13.286666666666667
1931,7,13.0
1931,8,13.72258064516129
1931,9,16.593333333333334
1931,10,17.825806451612905
1931,11,19.696666666666665
1931,12,22.048387096774192
1932,1,26.39032258064516
1932,2,22.548275862068966
1932,3,21.787096774193547
1932,4,19.316666666666666
1932,5,16.448387096774194
1932,6,13.17
1932,7,12.941935483870967
1932,8,13.87741935483871
1932,9,16.436666666666667
1932,10,16.94516129032258
1932,11,21.32
1932,12,21.490322580645163
1933,1,23.490322580645163
1933,2,23.74285714285714
1933,3,23.480645161290322
1933,4,20.373333333333335
1933,5,16.24838709677419
1933,6,14.53
1933,7,13.72258064516129
1933,8,13.719354838709679
1933,9,15.41
1933,10,20.57741935483871
1933,11,21.316666666666666
1933,12,22.403225806451612
1934,1,25.093548387096774
1934,2,24.29642857142857
1934,3,26.896774193548385
1934,4,18.836666666666666
1934,5,18.23548387096774
1934,6,13.116666666666667
1934,7,14.16451612903226
1934,8,14.316129032258065
1934,9,16.956666666666667
1934,10,17.95483870967742
1934,11,19.88
1934,12,22.470967741935485
1935,1,23.261290322580646
1935,2,23.592857142857145
1935,3,21.55483870967742
1935,4,19.53666666666667
1935,5,15.925806451612903
1935,6,13.146666666666667
1935,7,13.745161290322581
1935,8,15.32258064516129
1935,9,16.720000000000002
1935,10,18.5258064516129
1935,11,20.31
1935,12,23.758064516129032
1936,1,25.370967741935484
1936,2,25.155172413793103
1936,3,25.661290322580644
1936,4,18.426666666666666
1936,5,18.293548387096774
1936,6,13.173333333333334
1936,7,13.348387096774195
1936,8,14.83548387096774
1936,9,14.903333333333334
1936,10,18.38064516129032
1936,11,20.116666666666667
1936,12,22.9741935483871
1937,1,23.006451612903227
1937,2,25.517857142857142
1937,3,24.345161290322583
1937,4,18.8
1937,5,16.925806451612903
1937,6,12.233333333333333
1937,7,13.67741935483871
1937,8,15.706451612903225
1937,9,17.08
1937,10,19.016129032258064
1937,11,22.17
1937,12,23.283870967741933
1938,1,25.219354838709677
1938,2,25.210714285714285
1938,3,22.977419354838712
1938,4,22.456666666666667
1938,5,18.725806451612904
1938,6,13.286666666666667
1938,7,13.206451612903225
1938,8,14.538709677419355
1938,9,17.243333333333332
1938,10,20.84193548387097
1938,11,23.166666666666668
1938,12,22.9741935483871
1939,1,26.529032258064515
1939,2,25.478571428571428
1939,3,23.01290322580645
1939,4,20.136666666666667
1939,5,17.793548387096774
1939,6,14.063333333333333
1939,7,12.654838709677419
1939,8,13.46774193548387
1939,9,16.386666666666667
1939,10,18.60967741935484
1939,11,19.733333333333334
1939,12,22.364516129032257
1940,1,24.322580645161292
1940,2,23.337931034482757
1940,3,27.9741935483871
1940,4,19.7
1940,5,15.812903225806451
1940,6,13.783333333333333
1940,7,13.87741935483871
1940,8,15.348387096774195
1940,9,17.553333333333335
1940,10,22.206451612903226
1940,11,19.533333333333335
1940,12,25.067741935483873
1941,1,22.470967741935485
1941,2,24.467857142857145
1941,3,21.309677419354838
1941,4,21.423333333333336
1941,5,16.932258064516127
1941,6,13.856666666666666
1941,7,13.490322580645161
1941,8,14.661290322580646
1941,9,16.423333333333332
1941,10,16.916129032258063
1941,11,21.146666666666665
1941,12,23.551612903225806
1942,1,25.625806451612902
1942,2,24.292857142857144
1942,3,23.59032258064516
1942,4,19.220000000000002
1942,5,16.183870967741935
1942,6,14.103333333333333
1942,7,13.093548387096773
1942,8,14.464516129032257
1942,9,17.30666666666667
1942,10,19.34193548387097
1942,11,20.676666666666666
1942,12,24.03548387096774
1943,1,26.261290322580646
1943,2,23.400000000000002
1943,3,23.748387096774195
1943,4,18.743333333333332
1943,5,16.03548387096774
1943,6,12.663333333333334
1943,7,12.932258064516128
1943,8,13.03225806451613
1943,9,15.676666666666668
1943,10,17.36774193548387
1943,11,19.733333333333334
1943,12,21.925806451612903
1944,1,26.1
1944,2,23.96896551724138
1944,3,23.641935483870967
1944,4,17.883333333333333
1944,5,15.638709677419355
1944,6,13.066666666666666
1944,7,13.016129032258064
1944,8,13.583870967741936
1944,9,18.053333333333335
1944,10,19.641935483870967
1944,11,21.23
1944,12,23.896774193548385
1945,1,24.406451612903226
1945,2,22.014285714285712
1945,3,20.287096774193547
1945,4,18.853333333333335
1945,5,16.23548387096774
1945,6,14.496666666666668
1945,7,12.16451612903226
1945,8,14.751612903225807
1945,9,15.96
1945,10,18.19677419354839
1945,11,22.540000000000003
1945,12,24.10967741935484
1946,1,25.9741935483871
1946,2,23.107142857142858
1946,3,21.07741935483871
1946,4,17.57
1946,5,16.55483870967742
1946,6,12.683333333333334
1946,7,13.687096774193549
1946,8,13.812903225806451
1946,9,14.233333333333333
1946,10,16.474193548387095
1946,11,21.05
1946,12,23.570967741935487
1947,1,25.770967741935483
1947,2,27.782142857142855
1947,3,23.490322580645163
1947,4,20.386666666666667
1947,5,19.4
1947,6,14.336666666666668
1947,7,13.248387096774193
1947,8,13.361290322580645
1947,9,16.2
1947,10,17.574193548387097
1947,11,18.873333333333335
1947,12,22.419354838709676
1948,1,23.95483870967742
1948,2,25.46551724137931
1948,3,20.60967741935484
1948,4,18.916666666666668
1948,5,15.358064516129033
1948,6,13.54
1948,7,12.393548387096773
1948,8,15.167741935483871
1948,9,18.013333333333332
1948,10,17.270967741935483
1948,11,20.05
1948,12,24.393548387096775
1949,1,23.938709677419357
1949,2,21.789285714285715
1949,3,20.780645161290323
1949,4,18.113333333333333
1949,5,15.387096774193548
1949,6,11.646666666666667
1949,7,13.345161290322581
1949,8,14.709677419354838
1949,9,16.37666666666667
1949,10,18.003225806451614
1949,11,19.323333333333334
1949,12,20.55806451612903
1950,1,23.741935483870968
1950,2,22.55
1950,3,22.009677419354837
1950,4,20.026666666666664
1950,5,16.177419354838708
1950,6,12.453333333333335
1950,7,13.980645161290322
1950,8,15.048387096774194
1950,9,18.053333333333335
1950,10,18.55483870967742
1950,11,20.990000000000002
1950,12,25.94516129032258
1951,1,29.774193548387096
1951,2,26.392857142857142
1951,3,24.858064516129033
1951,4,17.426666666666666
1951,5,16.35483870967742
1951,6,14.163333333333332
1951,7,13.280645161290321
1951,8,12.832258064516129
1951,9,16.616666666666667
1951,10,18.306451612903224
1951,11,20.470000000000002
1951,12,22.73548387096774
1952,1,25.232258064516127
1952,2,22.637931034482758
1952,3,23.416129032258063
1952,4,18.266666666666666
1952,5,15.796774193548387
1952,6,13.883333333333333
1952,7,12.748387096774193
1952,8,13.922580645161291
1952,9,16.636666666666667
1952,10,17.690322580645162
1952,11,19.61
1952,12,22.603225806451615
1953,1,24.41290322580645
1953,2,24.45714285714286
1953,3,25.148387096774194
1953,4,21.05666666666667
1953,5,16.980645161290322
1953,6,13.293333333333333
1953,7,13.812903225806451
1953,8,13.69032258064516
1953,9,15.813333333333333
1953,10,18.6
1953,11,19.933333333333334
1953,12,23.75483870967742
1954,1,26.664516129032258
1954,2,21.953571428571426
1954,3,22.741935483870968
1954,4,21.053333333333335
1954,5,16.72258064516129
1954,6,13.883333333333333
1954,7,13.096774193548388
1954,8,14.687096774193549
1954,9,16.686666666666667
1954,10,18.567741935483873
1954,11,20.146666666666665
1954,12,24.183870967741935
1955,1,26.070967741935487
1955,2,24.675
1955,3,22.32903225806452
1955,4,20.470000000000002
1955,5,15.993548387096775
1955,6,13.610000000000001
1955,7,13.061290322580644
1955,8,14.945161290322579
1955,9,17.06
1955,10,18.929032258064513
1955,11,19.443333333333335
1955,12,22.19677419354839
1956,1,23.770967741935483
1956,2,27.644827586206898
1956,3,24.596774193548388
1956,4,19.83
1956,5,15.929032258064517
1956,6,13.253333333333334
1956,7,13.390322580645162
1956,8,13.683870967741935
1956,9,15.996666666666666
1956,10,16.53548387096774
1956,11,17.92
1956,12,22.07741935483871
1957,1,24.74516129032258
1957,2,24.803571428571427
1957,3,22.38064516129032
1957,4,20.423333333333336
1957,5,16.725806451612904
1957,6,17.30666666666667
1957,7,12.970967741935485
1957,8,14.351612903225806
1957,9,16.253333333333334
1957,10,17.529032258064515
1957,11,20.873333333333335
1957,12,22.983870967741936
1958,1,22.52258064516129
1958,2,24.325
1958,3,22.364516129032257
1958,4,21.0
1958,5,17.154838709677417
1958,6,13.336666666666668
1958,7,12.619354838709677
1958,8,13.793548387096775
1958,9,15.406666666666666
1958,10,17.041935483870965
1958,11,21.363333333333333
1958,12,20.448387096774194
1959,1,28.63225806451613
1959,2,24.067857142857143
1959,3,22.164516129032258
1959,4,21.716666666666665
1959,5,16.94516129032258
1959,6,14.293333333333333
1959,7,13.435483870967742
1959,8,15.345161290322581
1959,9,15.963333333333333
1959,10,18.299999999999997
1959,11,22.876666666666665
1959,12,22.73548387096774
1960,1,27.93548387096774
1960,2,23.613793103448273
1960,3,24.364516129032257
1960,4,19.526666666666664
1960,5,14.899999999999999
1960,6,13.076666666666666
1960,7,13.148387096774194
1960,8,13.158064516129032
1960,9,15.85
1960,10,19.187096774193545
1960,11,18.613333333333333
1960,12,25.616129032258065
1961,1,28.55483870967742
1961,2,25.782142857142855
1961,3,23.490322580645163
1961,4,21.48
1961,5,17.05806451612903
1961,6,14.826666666666666
1961,7,13.629032258064516
1961,8,14.974193548387097
1961,9,18.15
1961,10,21.86774193548387
1961,11,22.616666666666667
1961,12,25.416129032258063
1962,1,26.29032258064516
1962,2,23.914285714285715
1962,3,25.0258064516129
1962,4,21.32333333333333
1962,5,15.906451612903227
1962,6,15.553333333333335
1962,7,14.47741935483871
1962,8,14.183870967741935
1962,9,16.446666666666665
1962,10,16.970967741935485
1962,11,21.543333333333333
1962,12,23.293548387096774
1963,1,25.62258064516129
1963,2,23.232142857142858
1963,3,23.274193548387096
1963,4,19.85666666666667
1963,5,15.570967741935483
1963,6,14.233333333333333
1963,7,12.548387096774194
1963,8,14.935483870967742
1963,9,16.586666666666666
1963,10,20.62258064516129
1963,11,20.813333333333333
1963,12,23.664516129032258
1964,1,25.322580645161292
1964,2,23.158620689655173
1964,3,23.416129032258063
1964,4,19.64333333333333
1964,5,16.990322580645163
1964,6,14.49
1964,7,13.270967741935483
1964,8,14.829032258064515
1964,9,16.603333333333335
1964,10,17.177419354838708
1964,11,20.65666666666667
1964,12,20.048387096774192
1965,1,23.883870967741935
1965,2,25.55
1965,3,23.799999999999997
1965,4,18.28666666666667
1965,5,17.241935483870968
1965,6,14.406666666666666
1965,7,13.13225806451613
1965,8,15.40967741935484
1965,9,18.073333333333334
1965,10,20.796774193548387
1965,11,20.41
1965,12,24.532258064516128
1966,1,25.925806451612903
1966,2,22.99642857142857
1966,3,23.69677419354839
1966,4,20.19
1966,5,16.76451612903226
1966,6,13.44
1966,7,12.83548387096774
1966,8,14.535483870967743
1966,9,16.563333333333333
1966,10,17.951612903225808
1966,11,21.813333333333333
1966,12,22.451612903225808
1967,1,23.348387096774193
1967,2,26.49642857142857
1967,3,23.629032258064516
1967,4,21.56
1967,5,17.97741935483871
1967,6,14.76
1967,7,13.87741935483871
1967,8,13.951612903225806
1967,9,16.55333333333333
1967,10,20.451612903225808
1967,11,21.736666666666668
1967,12,21.683870967741935
1968,1,27.532258064516128
1968,2,27.92413793103448
1968,3,25.093548387096774
1968,4,22.736666666666668
1968,5,15.348387096774195
1968,6,13.143333333333334
1968,7,12.82258064516129
1968,8,14.470967741935485
1968,9,16.156666666666666
1968,10,18.322580645161292
1968,11,20.62
1968,12,22.238709677419354
1969,1,27.306451612903224
1969,2,25.349999999999998
1969,3,22.648387096774194
1969,4,20.616666666666667
1969,5,16.10322580645161
1969,6,13.746666666666666
1969,7,15.209677419354838
1969,8,15.451612903225806
1969,9,13.766666666666667
1969,10,18.351612903225806
1969,11,20.086666666666666
1969,12,22.296774193548387
1970,1,23.996774193548386
1970,2,24.45357142857143
1970,3,22.541935483870965
1970,4,21.113333333333333
1970,5,15.629032258064516
1970,6,14.520000000000001
1970,7,14.16451612903226
1970,8,14.04516129032258
1970,9,15.12
1970,10,18.567741935483873
1970,11,21.04137931034483
1970,12,23.403225806451612
1971,1,25.561290322580643
1971,2,27.47142857142857
1971,3,25.267741935483873
1971,4,21.90666666666667
1971,5,16.55806451612903
1971,6,14.003333333333334
1971,7,13.787096774193548
1971,8,14.280645161290321
1971,9,16.293333333333333
1971,10,17.86774193548387
1971,11,18.583333333333332
1971,12,23.561290322580643
1972,1,24.44193548387097
1972,2,26.410344827586208
1972,3,22.883870967741935
1972,4,20.546666666666667
1972,5,18.383870967741935
1972,6,14.103333333333332
1972,7,14.077419354838709
1972,8,15.432258064516128
1972,9,19.076666666666664
1972,10,19.154838709677417
1972,11,19.763333333333332
1972,12,24.570967741935487
1973,1,26.406451612903226
1973,2,25.339285714285715
1973,3,21.048387096774192
1973,4,20.936666666666667
1973,5,16.799999999999997
1973,6,13.556666666666667
1973,7,13.332258064516129
1973,8,14.251612903225807
1973,9,17.68
1973,10,19.6
1973,11,19.03666666666667
1973,12,24.25483870967742
1974,1,27.990322580645163
1974,2,24.853571428571428
1974,3,25.57741935483871
1974,4,19.07
1974,5,17.91290322580645
1974,6,14.376666666666667
1974,7,13.896774193548387
1974,8,14.26774193548387
1974,9,15.296666666666665
1974,10,17.648387096774194
1974,11,18.966666666666665
1974,12,22.18064516129032
1975,1,23.396774193548385
1975,2,25.835714285714285
1975,3,22.370967741935484
1975,4,19.09
1975,5,18.219354838709677
1975,6,13.916666666666666
1975,7,15.541935483870969
1975,8,13.69032258064516
1975,9,17.35
1975,10,18.006451612903227
1975,11,21.566666666666666
1975,12,23.26451612903226
1976,1,24.44193548387097
1976,2,26.2551724137931
1976,3,23.519354838709678
1976,4,20.25
1976,5,16.851612903225806
1976,6,14.17
1976,7,14.161290322580646
1976,8,14.596774193548388
1976,9,15.863333333333333
1976,10,16.24516129032258
1976,11,20.413333333333334
1976,12,24.148387096774194
1977,1,24.70967741935484
1977,2,25.271428571428572
1977,3,22.980645161290322
1977,4,18.456666666666667
1977,5,16.54516129032258
1977,6,13.16
1977,7,12.787096774193548
1977,8,16.419354838709676
1977,9,14.843333333333334
1977,10,20.361290322580647
1977,11,20.606666666666666
1977,12,22.793548387096774
1978,1,23.493548387096773
1978,2,24.092857142857145
1978,3,22.0
1978,4,19.403333333333332
1978,5,18.574193548387097
1978,6,13.983333333333333
1978,7,13.396774193548387
1978,8,13.52258064516129
1978,9,16.596666666666668
1978,10,19.41290322580645
1978,11,20.89
1978,12,20.94193548387097
1979,1,27.335483870967742
1979,2,25.425
1979,3,24.703225806451613
1979,4,18.976666666666667
1979,5,16.648387096774194
1979,6,15.496666666666666
1979,7,13.974193548387097
1979,8,14.341935483870968
1979,9,16.41
1979,10,18.903225806451612
1979,11,21.313333333333333
1979,12,25.25161290322581
1980,1,23.906451612903226
1980,2,23.875862068965517
1980,3,22.23225806451613
1980,4,21.75
1980,5,18.60967741935484
1980,6,13.653333333333334
1980,7,13.838709677419354
1980,8,16.274193548387096
1980,9,18.866666666666667
1980,10,19.980645161290322
1980,11,22.053333333333335
1980,12,25.835483870967742
1981,1,29.05806451612903
1981,2,27.11785714285714
1981,3,22.61935483870968
1981,4,22.259999999999998
1981,5,17.23225806451613
1981,6,14.020000000000001
1981,7,13.85483870967742
1981,8,14.470967741935485
1981,9,18.323333333333334
1981,10,19.700000000000003
1981,11,20.836666666666666
1981,12,22.635483870967743
1982,1,26.87741935483871
1982,2,25.210714285714285
1982,3,24.91290322580645
1982,4,21.053333333333335
1982,5,17.24516129032258
1982,6,13.373333333333333
1982,7,13.02258064516129
1982,8,17.77741935483871
1982,9,16.616666666666667
1982,10,18.848387096774193
1982,11,24.596666666666668
1982,12,22.87741935483871
1983,1,23.758064516129032
1983,2,27.928571428571427
1983,3,23.77741935483871
1983,4,18.603333333333335
1983,5,17.206451612903226
1983,6,13.636666666666667
1983,7,13.219354838709679
1983,8,15.283870967741937
1983,9,16.293333333333333
1983,10,17.16774193548387
1983,11,20.033333333333335
1983,12,23.35483870967742
1984,1,23.283870967741933
1984,2,25.196551724137933
1984,3,21.748387096774195
1984,4,19.633333333333333
1984,5,18.32903225806452
1984,6,14.856666666666666
1984,7,12.948387096774193
1984,8,15.241935483870968
1984,9,15.153333333333334
1984,10,19.364516129032257
1984,11,21.96333333333333
1984,12,22.5258064516129
1985,1,23.200000000000003
1985,2,23.885714285714283
1985,3,25.64516129032258
1985,4,22.36
1985,5,18.09032258064516
1985,6,13.97
1985,7,13.45483870967742
1985,8,14.661290322580646
1985,9,15.593333333333334
1985,10,19.664516129032258
1985,11,20.85
1985,12,22.690322580645162
1986,1,22.38064516129032
1986,2,25.192857142857143
1986,3,24.690322580645162
1986,4,19.90666666666667
1986,5,16.761290322580646
1986,6,13.503333333333334
1986,7,13.274193548387096
1986,8,15.419354838709678
1986,9,16.246666666666666
1986,10,17.4741935483871
1986,11,20.029999999999998
1986,12,21.48709677419355
1987,1,23.835483870967742
1987,2,25.103571428571428
1987,3,20.88064516129032
1987,4,21.163333333333334
1987,5,17.13225806451613
1987,6,14.876666666666667
1987,7,13.912903225806453
1987,8,14.774193548387096
1987,9,18.053333333333335
1987,10,18.616129032258065
1987,11,21.623333333333335
1987,12,21.729032258064517
1988,1,27.751612903225805
1988,2,23.582758620689653
1988,3,24.53548387096774
1988,4,21.77
1988,5,18.335483870967742
1988,6,15.133333333333333
1988,7,14.858064516129033
1988,8,15.561290322580644
1988,9,18.290000000000003
1988,10,20.296774193548387
1988,11,20.85666666666667
1988,12,23.761290322580646
1989,1,25.203225806451613
1989,2,26.142857142857142
1989,3,23.96451612903226
1989,4,21.33
1989,5,18.080645161290324
1989,6,13.946666666666667
1989,7,13.529032258064515
1989,8,13.67741935483871
1989,9,16.746666666666666
1989,10,18.65806451612903
1989,11,21.336666666666666
1989,12,23.748387096774195
1990,1,25.364516129032257
1990,2,24.589285714285715
1990,3,24.248387096774195
1990,4,20.633333333333333
1990,5,17.593548387096774
1990,6,14.586666666666668
1990,7,14.83548387096774
1990,8,14.14516129032258
1990,9,17.13
1990,10,20.067741935483873
1990,11,22.12
1990,12,25.18064516129032
1991,1,25.516129032258064
1991,2,24.885714285714283
1991,3,23.403225806451612
1991,4,20.19
1991,5,17.016129032258064
1991,6,15.706666666666667
1991,7,14.248387096774193
1991,8,14.938709677419354
1991,9,16.59
1991,10,20.825806451612905
1991,11,21.4
1991,12,22.190322580645162
1992,1,21.6
1992,2,23.227586206896554
1992,3,23.55483870967742
1992,4,21.066666666666666
1992,5,17.364516129032257
1992,6,14.376666666666667
1992,7,14.48709677419355
1992,8,14.09032258064516
1992,9,14.166666666666666
1992,10,18.635483870967743
1992,11,19.7
1992,12,23.20967741935484
1993,1,26.361290322580647
1993,2,25.47142857142857
1993,3,22.26774193548387
1993,4,22.81
1993,5,17.748387096774195
1993,6,13.933333333333334
1993,7,14.906451612903227
1993,8,17.161290322580644
1993,9,16.653333333333332
1993,10,18.312903225806455
1993,11,19.413333333333334
1993,12,21.770967741935483
1994,1,23.92258064516129
1994,2,24.52857142857143
1994,3,21.874193548387098
1994,4,20.616666666666667
1994,5,17.041935483870965
1994,6,14.803333333333335
1994,7,15.3
1994,8,14.416129032258064
1994,9,15.35
1994,10,19.761290322580646
1994,11,19.996666666666666
1994,12,25.799999999999997
1995,1,25.67096774193548
1995,2,25.396428571428572
1995,3,21.596774193548388
1995,4,17.623333333333335
1995,5,16.39032258064516
1995,6,13.776666666666667
1995,7,12.858064516129033
1995,8,16.712903225806453
1995,9,16.243333333333332
1995,10,17.851612903225806
1995,11,20.92
1995,12,19.29032258064516
1996,1,24.125806451612902
1996,2,22.879310344827587
1996,3,23.19677419354839
1996,4,17.883333333333333
1996,5,16.958064516129035
1996,6,15.05
1996,7,13.603225806451613
1996,8,14.948387096774193
1996,9,16.613333333333333
1996,10,19.238709677419354
1996,11,20.283333333333335
1996,12,20.996774193548386
1997,1,26.9
1997,2,28.939285714285717
1997,3,21.76774193548387
1997,4,20.759999999999998
1997,5,16.70967741935484
1997,6,14.886666666666667
1997,7,13.751612903225807
1997,8,14.564516129032258
1997,9,16.67
1997,10,19.82903225806452
1997,11,22.416666666666668
1997,12,23.419354838709676
1998,1,26.135483870967743
1998,2,26.714285714285715
1998,3,23.92258064516129
1998,4,19.006666666666668
1998,5,17.02258064516129
1998,6,14.46
1998,7,13.525806451612903
1998,8,16.061290322580643
1998,9,18.490000000000002
1998,10,18.635483870967743
1998,11,20.459999999999997
1998,12,24.135483870967743
1999,1,26.532258064516128
1999,2,27.264285714285712
1999,3,22.706451612903226
1999,4,19.09
1999,5,18.532258064516128
1999,6,15.176666666666668
1999,7,15.158064516129032
1999,8,15.8
1999,9,18.62
1999,10,20.18064516129032
1999,11,21.483333333333334
1999,12,22.87741935483871
2000,1,24.46451612903226
2000,2,28.76206896551724
2000,3,25.13225806451613
2000,4,21.459999999999997
2000,5,16.64516129032258
2000,6,14.376666666666667
2000,7,14.412903225806453
2000,8,15.329032258064515
2000,9,17.723333333333336
2000,10,17.983870967741936
2000,11,22.56
2000,12,24.92258064516129
2001,1,28.048387096774192
2001,2,27.817857142857143
2001,3,23.12258064516129
2001,4,19.8
2001,5,16.72258064516129
2001,6,15.536666666666667
2001,7,14.403225806451612
2001,8,14.916129032258064
2001,9,18.773333333333333
2001,10,18.35483870967742
2001,11,19.663333333333334
2001,12,20.1
2002,1,23.98709677419355
2002,2,24.125
2002,3,23.116129032258065
2002,4,21.64
2002,5,18.703225806451613
2002,6,15.466666666666667
2002,7,15.100000000000001
2002,8,15.906451612903227
2002,9,18.096666666666668
2002,10,19.97741935483871
2002,11,22.396666666666665
2002,12,23.270967741935483
2003,1,26.387096774193548
2003,2,24.664285714285715
2003,3,23.074193548387097
2003,4,20.613333333333333
2003,5,18.593548387096774
2003,6,15.07
2003,7,14.474193548387097
2003,8,14.28709677419355
2003,9,16.646666666666665
2003,10,16.48709677419355
2003,11,22.55
2003,12,26.103225806451615
2004,1,23.39032258064516
2004,2,24.586206896551722
2004,3,22.5258064516129
2004,4,20.98
2004,5,16.996774193548386
2004,6,14.423333333333334
2004,7,13.961290322580645
2004,8,15.832258064516129
2004,9,16.58
2004,10,20.13225806451613
2004,11,21.203333333333333
2004,12,23.635483870967743
2005,1,25.461290322580645
2005,2,23.185714285714287
2005,3,22.59032258064516
2005,4,23.60666666666667
2005,5,18.241935483870968
2005,6,15.96
2005,7,15.096774193548388
2005,8,15.658064516129032
2005,9,17.42
2005,10,20.45483870967742
2005,11,23.496666666666666
2005,12,26.606451612903225
2006,1,26.59032258064516
2006,2,23.771428571428572
2006,3,25.04516129032258
2006,4,18.59333333333333
2006,5,16.164516129032258
2006,6,13.860000000000001
2006,7,14.229032258064516
2006,8,16.432258064516127
2006,9,19.12
2006,10,20.916129032258063
2006,11,21.4
2006,12,24.141935483870967
2007,1,26.9
2007,2,27.832142857142856
2007,3,24.596774193548388
2007,4,22.126666666666665
2007,5,19.45483870967742
2007,6,13.629999999999999
2007,7,13.529032258064515
2007,8,16.76451612903226
2007,9,18.083333333333332
2007,10,20.425806451612903
2007,11,23.346666666666668
2007,12,25.69677419354839
2008,1,26.783870967741933
2008,2,23.579310344827583
2008,3,26.02258064516129
2008,4,20.35
2008,5,16.996774193548386
2008,6,15.443333333333333
2008,7,13.922580645161291
2008,8,14.025806451612903
2008,9,18.790000000000003
2008,10,21.19677419354839
2008,11,21.84
2008,12,21.858064516129033
2009,1,27.703225806451613
2009,2,26.885714285714283
2009,3,23.20967741935484
2009,4,20.416666666666668
2009,5,17.593548387096774
2009,6,15.233333333333333
2009,7,14.94516129032258
2009,8,16.348387096774193
2009,9,17.9
2009,10,18.82903225806452
2009,11,26.220000000000002
2009,12,24.716129032258067
2010,1,26.396774193548385
2010,2,27.107142857142858
2010,3,25.19677419354839
2010,4,22.446666666666665
2010,5,17.87741935483871
2010,6,14.25
2010,7,14.370967741935484
2010,8,14.003225806451614
2010,9,15.683333333333334
2010,10,19.641935483870967
2010,11,22.133333333333333
2010,12,23.55483870967742
2011,1,25.45483870967742
2011,2,23.842857142857145
2011,3,22.299999999999997
2011,4,20.448275862068964
2011,5,16.061290322580643
2011,6,15.436666666666667
2011,7,14.338709677419354
2011,8,16.887096774193548
2011,9,18.773333333333333
2011,10,19.80322580645161
2011,11,23.523333333333333
2011,12,23.79032258064516
2012,1,26.42258064516129
2012,2,25.558620689655175
2012,3,22.416129032258063
2012,4,21.366666666666667
2012,5,16.68064516129032
2012,6,14.046666666666665
2012,7,14.654838709677419
2012,8,14.62258064516129
2012,9,17.846666666666668
2012,10,19.758064516129032
2012,11,22.223333333333336
2012,12,24.403225806451612
2013,1,26.193548387096776
2013,2,28.125
2013,3,26.51290322580645
2013,4,20.59333333333333
2013,5,17.858064516129033
2013,6,14.926666666666668
2013,7,15.706451612903225
2013,8,16.270967741935483
2013,9,19.48
2013,10,19.103225806451615
2013,11,20.793333333333333
2013,12,23.700000000000003
2014,1,27.338709677419356
2014,2,27.139285714285712
2014,3,24.432258064516127
2014,4,20.57
2014,5,19.038709677419355
2014,6,15.413333333333332
2014,7,14.464516129032257
2014,8,15.441935483870967
2014,9,18.526666666666664
2014,10,21.690322580645162
2014,11,22.746666666666666
2014,12,23.932258064516127
2015,1,25.851612903225806
2015,2,26.37142857142857
2015,3,22.72258064516129
2015,4,19.236666666666668
2015,5,17.13225806451613
2015,6,14.426666666666668
2015,7,13.293548387096775
2015,8,13.845161290322581
2015,9,17.256666666666668
2015,10,24.325806451612905
2015,11,22.726666666666667
2015,12,27.451612903225808
2016,1,25.983870967741936
2016,2,25.096551724137928
2016,3,24.858064516129033
2016,4,22.44
2016,5,18.593548387096774
2016,6,14.223333333333333
2016,7,14.596774193548388
2016,8,15.912903225806453
2016,9,16.71
2016,10,19.25483870967742
2016,11,20.80666666666667
2016,12,25.506451612903227
2017,1,26.458064516129035
2017,2,25.853571428571428
2017,3,26.864516129032257
2017,4,20.83
2017,5,17.241935483870968
2017,6,14.926666666666668
2017,7,14.54516129032258
2017,8,14.783870967741937
2017,9,17.773333333333333
2017,10,20.687096774193545
2017,11,25.92
2017,12,24.974193548387095
2018,1,27.183870967741935
2018,2,26.989285714285717
2018,3,24.925806451612903
2018,4,21.84333333333333
2018,5,17.64516129032258
2018,6,14.25
2018,7,14.83548387096774
2018,8,15.077419354838709
2018,9,17.233333333333334
2018,10,21.351612903225806
2018,11,21.959999999999997
2018,12,25.73225806451613
2019,1,28.377419354838707
2019,2,26.00714285714286
2019,3,24.761290322580646
2019,4,22.046666666666667
2019,5,17.81935483870968
2019,6,15.473333333333333
2019,7,15.0
2019,8,14.474193548387097
2019,9,17.756666666666668
2019,10,21.325806451612905
2019,11,21.793333333333333
2019,12,24.55483870967742
2020,1,26.93548387096774
2020,2,24.406896551724138
2020,3,22.925806451612903
2020,4,19.26551724137931
2020,5,16.36774193548387
2020,6,14.85
2020,7,13.980645161290322
2020,8,15.148387096774194
2020,9,18.076666666666664
2020,10,19.148387096774194
2020,11,24.456666666666667
2020,12,22.874193548387098
2021,1,25.229032258064517
2021,2,24.54642857142857
2021,3,22.029032258064515
2021,4,20.21333333333333
2021,5,17.770967741935483
2021,6,15.336666666666666
2021,7,14.375862068965516
2021,8,16.364516129032257
2021,9,18.223333333333336
2021,10,19.36774193548387
2021,11,20.56
2021,12,24.280645161290323
