Year,Month,Storage_Percentage,Month_Num
1948,January,84.51,1
1948,February,87.34,2
1948,March,90.58,3
1948,April,94.17,4
1948,May,97.2,5
1948,June,96.64,6
1948,July,90.54,7
1948,August,,8
1948,September,,9
1948,October,,10
1948,November,,11
1948,December,,12
1949,January,82.37,1
1949,February,71.63,2
1949,March,73.82,3
1949,April,76.0,4
1949,May,80.32,5
1949,June,86.58,6
1949,July,89.96,7
1949,August,89.77,8
1949,September,93.2,9
1949,October,97.03,10
1949,November,99.39,11
1949,December,97.92,12
1950,January,87.64,1
1950,February,85.04,2
1950,March,79.85,3
1950,April,76.73,4
1950,May,73.67,5
1950,June,73.03,6
1950,July,76.41,7
1950,August,81.95,8
1950,September,89.4,9
1950,October,94.59,10
1950,November,94.12,11
1950,December,86.51,12
1951,January,75.62,1
1951,February,65.78,2
1951,March,52.48,3
1951,April,57.59,4
1951,May,67.7,5
1951,June,76.9,6
1951,July,88.73,7
1951,August,96.63,8
1951,September,99.46,9
1951,October,99.51,10
1951,November,99.05,11
1951,December,96.57,12
1952,January,88.12,1
1952,February,80.6,2
1952,March,70.69,3
1952,April,67.42,4
1952,May,73.88,5
1952,June,86.4,6
1952,July,90.67,7
1952,August,91.96,8
1952,September,94.29,9
1952,October,98.76,10
1952,November,100.01,11
1952,December,99.89,12
1953,January,96.91,1
1953,February,89.89,2
1953,March,77.28,3
1953,April,71.09,4
1953,May,74.72,5
1953,June,84.33,6
1953,July,87.58,7
1953,August,90.95,8
1953,September,93.99,9
1953,October,97.36,10
1953,November,99.42,11
1953,December,96.9,12
1954,January,88.24,1
1954,February,86.46,2
1954,March,72.47,3
1954,April,66.23,4
1954,May,67.82,5
1954,June,72.46,6
1954,July,78.17,7
1954,August,83.24,8
1954,September,88.45,9
1954,October,90.08,10
1954,November,99.93,11
1954,December,97.62,12
1955,January,84.24,1
1955,February,77.48,2
1955,March,66.93,3
1955,April,60.61,4
1955,May,60.58,5
1955,June,66.84,6
1955,July,76.8,7
1955,August,88.73,8
1955,September,92.61,9
1955,October,99.19,10
1955,November,98.5,11
1955,December,99.16,12
1956,January,99.44,1
1956,February,87.61,2
1956,March,81.51,3
1956,April,83.86,4
1956,May,92.37,5
1956,June,96.08,6
1956,July,94.96,7
1956,August,95.18,8
1956,September,96.16,9
1956,October,100.16,10
1956,November,100.0,11
1956,December,97.53,12
1957,January,87.25,1
1957,February,75.32,2
1957,March,62.78,3
1957,April,52.94,4
1957,May,53.58,5
1957,June,52.02,6
1957,July,58.13,7
1957,August,60.26,8
1957,September,31.54,9
1957,October,48.35,10
1957,November,52.11,11
1957,December,51.88,12
1958,January,46.27,1
1958,February,42.98,2
1958,March,38.24,3
1958,April,34.11,4
1958,May,34.72,5
1958,June,35.62,6
1958,July,41.59,7
1958,August,64.76,8
1958,September,75.76,9
1958,October,86.59,10
1958,November,91.77,11
1958,December,94.05,12
1959,January,88.02,1
1959,February,82.92,2
1959,March,79.42,3
1959,April,75.58,4
1959,May,72.4,5
1959,June,73.15,6
1959,July,75.89,7
1959,August,87.02,8
1959,September,96.22,9
1959,October,97.24,10
1959,November,94.7,11
1959,December,91.47,12
1960,January,83.5,1
1960,February,77.37,2
1960,March,69.43,3
1960,April,68.29,4
1960,May,89.41,5
1960,June,94.13,6
1960,July,95.93,7
1960,August,97.56,8
1960,September,99.26,9
1960,October,99.51,10
1960,November,99.74,11
1960,December,96.95,12
1961,January,88.7,1
1961,February,80.75,2
1961,March,76.36,3
1961,April,74.35,4
1961,May,73.67,5
1961,June,76.89,6
1961,July,86.95,7
1961,August,92.3,8
1961,September,95.29,9
1961,October,92.31,10
1961,November,85.34,11
1961,December,77.67,12
1962,January,70.08,1
1962,February,63.71,2
1962,March,56.18,3
1962,April,50.56,4
1962,May,49.81,5
1962,June,52.22,6
1962,July,55.52,7
1962,August,65.43,8
1962,September,71.65,9
1962,October,81.8,10
1962,November,82.07,11
1962,December,78.16,12
1963,January,72.95,1
1963,February,68.58,2
1963,March,61.88,3
1963,April,56.8,4
1963,May,57.85,5
1963,June,59.72,6
1963,July,69.09,7
1963,August,77.94,8
1963,September,88.26,9
1963,October,92.0,10
1963,November,90.59,11
1963,December,84.11,12
1964,January,72.95,1
1964,February,67.05,2
1964,March,60.51,3
1964,April,56.44,4
1964,May,53.75,5
1964,June,55.53,6
1964,July,72.37,7
1964,August,94.37,8
1964,September,99.79,9
1964,October,99.78,10
1964,November,98.72,11
1964,December,99.67,12
1965,January,93.77,1
1965,February,83.76,2
1965,March,74.85,3
1965,April,72.17,4
1965,May,69.68,5
1965,June,67.53,6
1965,July,70.19,7
1965,August,81.25,8
1965,September,87.48,9
1965,October,85.53,10
1965,November,84.45,11
1965,December,81.32,12
1966,January,72.09,1
1966,February,65.01,2
1966,March,58.45,3
1966,April,54.17,4
1966,May,53.3,5
1966,June,52.47,6
1966,July,56.24,7
1966,August,75.33,8
1966,September,87.53,9
1966,October,94.39,10
1966,November,98.26,11
1966,December,98.75,12
1967,January,91.38,1
1967,February,79.63,2
1967,March,69.27,3
1967,April,62.76,4
1967,May,56.4,5
1967,June,52.02,6
1967,July,48.31,7
1967,August,49.91,8
1967,September,56.23,9
1967,October,55.14,10
1967,November,50.53,11
1967,December,47.57,12
1968,January,43.31,1
1968,February,36.34,2
1968,March,30.26,3
1968,April,26.71,4
1968,May,31.7,5
1968,June,43.96,6
1968,July,57.01,7
1968,August,71.02,8
1968,September,78.42,9
1968,October,92.24,10
1968,November,99.14,11
1968,December,98.16,12
1969,January,90.38,1
1969,February,84.45,2
1969,March,79.33,3
1969,April,76.16,4
1969,May,77.49,5
1969,June,85.39,6
1969,July,88.48,7
1969,August,92.29,8
1969,September,96.61,9
1969,October,97.61,10
1969,November,96.45,11
1969,December,96.27,12
1970,January,93.38,1
1970,February,83.29,2
1970,March,78.06,3
1970,April,77.09,4
1970,May,90.39,5
1970,June,96.25,6
1970,July,98.07,7
1970,August,99.4,8
1970,September,98.71,9
1970,October,98.79,10
1970,November,98.74,11
1970,December,93.84,12
1971,January,89.17,1
1971,February,83.01,2
1971,March,73.43,3
1971,April,67.26,4
1971,May,72.7,5
1971,June,82.81,6
1971,July,88.6,7
1971,August,84.61,8
1971,September,92.99,9
1971,October,93.74,10
1971,November,94.24,11
1971,December,93.15,12
1972,January,88.14,1
1972,February,82.24,2
1972,March,74.31,3
1972,April,70.12,4
1972,May,66.71,5
1972,June,63.22,6
1972,July,67.19,7
1972,August,71.72,8
1972,September,74.26,9
1972,October,74.43,10
1972,November,72.03,11
1972,December,63.7,12
1973,January,57.02,1
1973,February,56.03,2
1973,March,52.81,3
1973,April,50.7,4
1973,May,53.13,5
1973,June,59.74,6
1973,July,64.67,7
1973,August,77.25,8
1973,September,49.38,9
1973,October,54.01,10
1973,November,56.59,11
1973,December,55.04,12
1974,January,51.84,1
1974,February,46.98,2
1974,March,41.65,3
1974,April,41.11,4
1974,May,45.49,5
1974,June,45.82,6
1974,July,54.42,7
1974,August,61.47,8
1974,September,63.45,9
1974,October,65.15,10
1974,November,66.46,11
1974,December,66.13,12
1975,January,62.79,1
1975,February,56.63,2
1975,March,52.35,3
1975,April,49.03,4
1975,May,48.71,5
1975,June,50.53,6
1975,July,56.81,7
1975,August,67.61,8
1975,September,69.94,9
1975,October,75.44,10
1975,November,78.68,11
1975,December,78.56,12
1976,January,73.95,1
1976,February,67.33,2
1976,March,62.36,3
1976,April,57.97,4
1976,May,55.11,5
1976,June,54.17,6
1976,July,52.75,7
1976,August,61.04,8
1976,September,69.74,9
1976,October,78.38,10
1976,November,82.19,11
1976,December,81.06,12
1977,January,76.64,1
1977,February,71.18,2
1977,March,66.52,3
1977,April,64.71,4
1977,May,64.01,5
1977,June,74.6,6
1977,July,85.13,7
1977,August,91.49,8
1977,September,94.29,9
1977,October,94.66,10
1977,November,91.23,11
1977,December,84.35,12
1978,January,77.86,1
1978,February,72.97,2
1978,March,68.49,3
1978,April,66.22,4
1978,May,65.68,5
1978,June,70.35,6
1978,July,79.18,7
1978,August,91.66,8
1978,September,96.9,9
1978,October,98.74,10
1978,November,98.89,11
1978,December,98.96,12
1979,January,94.06,1
1979,February,88.07,2
1979,March,83.08,3
1979,April,80.13,4
1979,May,79.29,5
1979,June,78.53,6
1979,July,78.29,7
1979,August,82.13,8
1979,September,89.9,9
1979,October,96.7,10
1979,November,95.67,11
1979,December,88.42,12
1980,January,78.1,1
1980,February,73.72,2
1980,March,63.52,3
1980,April,61.0,4
1980,May,58.23,5
1980,June,58.88,6
1980,July,60.81,7
1980,August,69.12,8
1980,September,78.99,9
1980,October,82.77,10
1980,November,85.0,11
1980,December,80.92,12
1981,January,73.5,1
1981,February,66.6,2
1981,March,62.21,3
1981,April,57.87,4
1981,May,56.32,5
1981,June,57.59,6
1981,July,67.33,7
1981,August,82.17,8
1981,September,90.22,9
1981,October,92.82,10
1981,November,92.41,11
1981,December,87.45,12
1982,January,80.0,1
1982,February,72.58,2
1982,March,67.3,3
1982,April,63.59,4
1982,May,62.43,5
1982,June,63.14,6
1982,July,62.78,7
1982,August,62.15,8
1982,September,62.27,9
1982,October,61.45,10
1982,November,56.65,11
1982,December,53.3,12
1983,January,49.18,1
1983,February,43.89,2
1983,March,39.8,3
1983,April,36.96,4
1983,May,35.79,5
1983,June,38.06,6
1983,July,45.2,7
1983,August,52.65,8
1983,September,65.47,9
1983,October,73.55,10
1983,November,78.1,11
1983,December,80.24,12
1984,January,77.33,1
1984,February,72.32,2
1984,March,69.0,3
1984,April,66.91,4
1984,May,64.77,5
1984,June,63.63,6
1984,July,27.44,7
1984,August,35.13,8
1984,September,40.56,9
1984,October,44.04,10
1984,November,44.06,11
1984,December,43.21,12
1985,January,40.89,1
1985,February,38.02,2
1985,March,35.78,3
1985,April,35.13,4
1985,May,34.5,5
1985,June,35.79,6
1985,July,37.69,7
1985,August,44.92,8
1985,September,48.61,9
1985,October,50.44,10
1985,November,51.9,11
1985,December,54.15,12
1986,January,54.2,1
1986,February,52.16,2
1986,March,49.78,3
1986,April,48.67,4
1986,May,48.81,5
1986,June,50.16,6
1986,July,56.51,7
1986,August,59.23,8
1986,September,62.13,9
1986,October,66.24,10
1986,November,67.29,11
1986,December,68.7,12
1987,January,67.82,1
1987,February,65.64,2
1987,March,64.3,3
1987,April,63.28,4
1987,May,63.19,5
1987,June,63.96,6
1987,July,66.68,7
1987,August,69.51,8
1987,September,72.21,9
1987,October,73.23,10
1987,November,72.71,11
1987,December,72.38,12
1988,January,70.22,1
1988,February,67.35,2
1988,March,64.57,3
1988,April,62.67,4
1988,May,62.12,5
1988,June,63.22,6
1988,July,64.98,7
1988,August,68.06,8
1988,September,71.41,9
1988,October,72.95,10
1988,November,73.71,11
1988,December,74.27,12
1989,January,73.02,1
1989,February,70.52,2
1989,March,68.74,3
1989,April,68.06,4
1989,May,67.47,5
1989,June,69.35,6
1989,July,71.67,7
1989,August,75.99,8
1989,September,79.94,9
1989,October,85.15,10
1989,November,87.4,11
1989,December,85.92,12
1990,January,82.45,1
1990,February,80.52,2
1990,March,77.69,3
1990,April,77.79,4
1990,May,76.9,5
1990,June,77.08,6
1990,July,82.6,7
1990,August,89.33,8
1990,September,93.54,9
1990,October,96.0,10
1990,November,95.55,11
1990,December,93.43,12
1991,January,91.09,1
1991,February,87.65,2
1991,March,84.33,3
1991,April,81.96,4
1991,May,79.84,5
1991,June,79.81,6
1991,July,82.97,7
1991,August,88.98,8
1991,September,96.2,9
1991,October,97.01,10
1991,November,95.72,11
1991,December,94.47,12
1992,January,93.45,1
1992,February,90.92,2
1992,March,88.22,3
1992,April,85.91,4
1992,May,84.3,5
1992,June,83.76,6
1992,July,83.09,7
1992,August,84.65,8
1992,September,91.18,9
1992,October,95.42,10
1992,November,94.98,11
1992,December,94.89,12
1993,January,92.8,1
1993,February,89.96,2
1993,March,86.88,3
1993,April,84.04,4
1993,May,81.94,5
1993,June,81.48,6
1993,July,82.12,7
1993,August,84.6,8
1993,September,88.84,9
1993,October,88.91,10
1993,November,89.36,11
1993,December,88.75,12
1994,January,87.54,1
1994,February,86.23,2
1994,March,84.45,3
1994,April,82.88,4
1994,May,81.53,5
1994,June,81.79,6
1994,July,81.71,7
1994,August,82.39,8
1994,September,83.1,9
1994,October,85.09,10
1994,November,86.23,11
1994,December,83.72,12
1995,January,81.6,1
1995,February,78.93,2
1995,March,76.31,3
1995,April,76.04,4
1995,May,76.17,5
1995,June,79.71,6
1995,July,83.82,7
1995,August,87.09,8
1995,September,87.74,9
1995,October,89.54,10
1995,November,89.95,11
1995,December,89.1,12
1996,January,87.58,1
1996,February,86.92,2
1996,March,85.29,3
1996,April,86.09,4
1996,May,85.19,5
1996,June,84.72,6
1996,July,86.28,7
1996,August,90.66,8
1996,September,95.6,9
1996,October,97.34,10
1996,November,96.79,11
1996,December,94.98,12
1997,January,91.84,1
1997,February,88.16,2
1997,March,84.88,3
1997,April,82.23,4
1997,May,80.34,5
1997,June,79.0,6
1997,July,77.75,7
1997,August,77.12,8
1997,September,77.76,9
1997,October,76.47,10
1997,November,74.78,11
1997,December,71.25,12
1998,January,67.79,1
1998,February,64.76,2
1998,March,61.19,3
1998,April,58.96,4
1998,May,57.84,5
1998,June,59.0,6
1998,July,60.73,7
1998,August,62.23,8
1998,September,64.24,9
1998,October,67.15,10
1998,November,68.06,11
1998,December,67.31,12
1999,January,65.36,1
1999,February,63.08,2
1999,March,60.82,3
1999,April,58.99,4
1999,May,57.55,5
1999,June,57.9,6
1999,July,57.63,7
1999,August,59.21,8
1999,September,60.43,9
1999,October,60.82,10
1999,November,59.86,11
1999,December,57.99,12
2000,January,56.62,1
2000,February,53.4,2
2000,March,50.28,3
2000,April,47.97,4
2000,May,47.47,5
2000,June,50.37,6
2000,July,51.87,7
2000,August,54.05,8
2000,September,58.38,9
2000,October,61.25,10
2000,November,63.17,11
2000,December,61.36,12
2001,January,58.44,1
2001,February,55.39,2
2001,March,52.94,3
2001,April,51.37,4
2001,May,49.67,5
2001,June,49.68,6
2001,July,50.06,7
2001,August,52.92,8
2001,September,55.31,9
2001,October,57.88,10
2001,November,59.99,11
2001,December,59.59,12
2002,January,57.99,1
2002,February,56.42,2
2002,March,54.02,3
2002,April,52.26,4
2002,May,51.28,5
2002,June,50.86,6
2002,July,52.88,7
2002,August,53.84,8
2002,September,54.47,9
2002,October,54.68,10
2002,November,53.3,11
2002,December,51.67,12
2003,January,48.63,1
2003,February,46.0,2
2003,March,43.75,3
2003,April,42.29,4
2003,May,41.06,5
2003,June,41.05,6
2003,July,42.53,7
2003,August,47.5,8
2003,September,52.12,9
2003,October,55.9,10
2003,November,57.89,11
2003,December,56.86,12
2004,January,54.95,1
2004,February,52.97,2
2004,March,50.31,3
2004,April,48.74,4
2004,May,47.74,5
2004,June,49.06,6
2004,July,51.63,7
2004,August,54.69,8
2004,September,57.2,9
2004,October,58.09,10
2004,November,60.79,11
2004,December,60.67,12
2005,January,59.21,1
2005,February,59.07,2
2005,March,56.96,3
2005,April,55.1,4
2005,May,53.24,5
2005,June,52.41,6
2005,July,52.38,7
2005,August,54.63,8
2005,September,59.47,9
2005,October,60.28,10
2005,November,59.88,11
2005,December,58.51,12
2006,January,56.01,1
2006,February,53.75,2
2006,March,51.15,3
2006,April,49.95,4
2006,May,49.33,5
2006,June,48.12,6
2006,July,47.39,7
2006,August,47.0,8
2006,September,46.18,9
2006,October,43.8,10
2006,November,41.94,11
2006,December,39.32,12
2007,January,36.89,1
2007,February,34.51,2
2007,March,32.33,3
2007,April,30.35,4
2007,May,29.1,5
2007,June,31.06,6
2007,July,36.12,7
2007,August,39.0,8
2007,September,40.11,9
2007,October,40.32,10
2007,November,40.41,11
2007,December,39.66,12
2008,January,37.66,1
2008,February,35.97,2
2008,March,33.75,3
2008,April,31.95,4
2008,May,30.68,5
2008,June,30.12,6
2008,July,31.22,7
2008,August,34.21,8
2008,September,35.11,9
2008,October,34.44,10
2008,November,34.66,11
2008,December,35.52,12
2009,January,33.77,1
2009,February,31.52,2
2009,March,29.72,3
2009,April,28.47,4
2009,May,26.95,5
2009,June,25.99,6
2009,July,27.01,7
2009,August,28.4,8
2009,September,32.85,9
2009,October,37.82,10
2009,November,37.94,11
2009,December,37.43,12
2010,January,36.11,1
2010,February,34.86,2
2010,March,34.01,3
2010,April,33.49,4
2010,May,32.7,5
2010,June,33.68,6
2010,July,35.43,7
2010,August,41.05,8
2010,September,46.86,9
2010,October,49.37,10
2010,November,51.24,11
2010,December,53.03,12
2011,January,53.02,1
2011,February,53.43,2
2011,March,52.92,3
2011,April,53.11,4
2011,May,53.82,5
2011,June,55.74,6
2011,July,59.19,7
2011,August,61.2,8
2011,September,61.97,9
2011,October,63.48,10
2011,November,65.01,11
2011,December,66.08,12
2012,January,65.23,1
2012,February,64.22,2
2012,March,64.82,3
2012,April,64.49,4
2012,May,65.04,5
2012,June,70.01,6
2012,July,73.15,7
2012,August,76.75,8
2012,September,80.17,9
2012,October,81.16,10
2012,November,81.27,11
2012,December,80.72,12
2013,January,78.13,1
2013,February,75.84,2
2013,March,73.65,3
2013,April,71.77,4
2013,May,70.0,5
2013,June,70.79,6
2013,July,71.97,7
2013,August,76.7,8
2013,September,78.64,9
2013,October,80.14,10
2013,November,80.96,11
2013,December,80.65,12
2014,January,78.47,1
2014,February,76.11,2
2014,March,73.88,3
2014,April,72.81,4
2014,May,71.38,5
2014,June,72.62,6
2014,July,77.37,7
2014,August,79.69,8
2014,September,80.45,9
2014,October,79.71,10
2014,November,78.5,11
2014,December,77.16,12
2015,January,75.27,1
2015,February,73.33,2
2015,March,71.06,3
2015,April,69.6,4
2015,May,69.0,5
2015,June,68.34,6
2015,July,69.52,7
2015,August,72.73,8
2015,September,74.5,9
2015,October,73.22,10
2015,November,71.51,11
2015,December,68.8,12
2016,January,66.62,1
2016,February,64.32,2
2016,March,62.02,3
2016,April,59.91,4
2016,May,58.75,5
2016,June,59.38,6
2016,July,62.98,7
2016,August,66.17,8
2016,September,68.24,9
2016,October,71.88,10
2016,November,72.62,11
2016,December,71.36,12
2017,January,69.32,1
2017,February,67.26,2
2017,March,64.88,3
2017,April,64.11,4
2017,May,63.15,5
2017,June,62.17,6
2017,July,62.55,7
2017,August,65.41,8
2017,September,69.94,9
2017,October,69.69,10
2017,November,68.5,11
2017,December,69.33,12
2018,January,67.51,1
2018,February,64.96,2
2018,March,62.06,3
2018,April,59.65,4
2018,May,58.5,5
2018,June,58.33,6
2018,July,59.39,7
2018,August,62.44,8
2018,September,64.66,9
2018,October,63.66,10
2018,November,63.01,11
2018,December,61.9,12
2019,January,59.03,1
2019,February,56.4,2
2019,March,53.62,3
2019,April,51.34,4
2019,May,49.65,5
2019,June,50.11,6
2019,July,53.25,7
2019,August,58.19,8
2019,September,62.69,9
2019,October,63.22,10
2019,November,63.83,11
2019,December,62.98,12
2020,January,62.46,1
2020,February,61.67,2
2020,March,61.07,3
2020,April,60.89,4
2020,May,63.26,5
2020,June,63.78,6
2020,July,67.06,7
2020,August,71.43,8
2020,September,72.51,9
2020,October,75.09,10
2020,November,75.44,11
2020,December,75.13,12
2021,January,74.86,1
2021,February,73.14,2
2021,March,72.34,3
2021,April,71.93,4
2021,May,71.04,5
2021,June,74.86,6
2021,July,77.69,7
2021,August,80.64,8
2021,September,84.07,9
2021,October,87.41,10
2021,November,89.95,11
2021,December,89.91,12
2022,January,88.29,1
2022,February,86.36,2
2022,March,85.69,3
2022,April,84.37,4
2022,May,83.48,5
2022,June,86.81,6
2022,July,88.0,7
2022,August,92.45,8
2022,September,94.94,9
2022,October,97.9,10
2022,November,97.93,11
2022,December,97.0,12
2023,January,95.1,1
2023,February,93.08,2
2023,March,91.31,3
2023,April,90.33,4
2023,May,89.76,5
2023,June,91.61,6
2023,July,92.37,7
2023,August,92.05,8
2023,September,92.54,9
2023,October,95.89,10
2023,November,95.02,11
2023,December,95.1,12
2024,January,95.37,1
2024,February,93.32,2
2024,March,90.71,3
2024,April,89.01,4
2024,May,87.33,5
2024,June,86.5,6
2024,July,88.95,7
2024,August,89.69,8
2024,September,89.85,9
2024,October,90.06,10
2024,November,88.31,11
2024,December,86.37,12
2025,January,83.51,1
2025,February,80.95,2
2025,March,78.1,3
2025,April,75.43,4
2025,May,73.0,5
2025,June,71.47,6
2025,July,72.19,7
2025,August,72.35,8
2025,September,73.25,9
2025,October,73.44,10
2025,November,75.11,11
2025,December,74.9,12
2026,January,72.27,1
2026,February,69.62,2
2026,March,67.58,3
2026,April,66.08,4
2026,May,,5
2026,June,,6
2026,July,,7
2026,August,,8
2026,September,,9
2026,October,,10
2026,November,,11
2026,December,,12
